[{"timestamp":1512766383905,"event":"shippy_become_client_begin","source":1512766380705},{"timestamp":1512766383906,"event":"shippy_become_client_end","source":null},{"timestamp":1512766383930,"event":"shippy_client_received_welcome","source":1512766385937,"from":1512766380705,"pkgSize":26},{"timestamp":1512766383931,"event":"shippy_client_received_stateupdate","source":1512766385937,"pkgSize":845,"numSuccessors":2,"isBroadcast":true,"version":3,"tempID":1512766380705},{"timestamp":1512766387434,"event":"shippy_client_received_stateupdate","source":1512766385937,"pkgSize":127,"numSuccessors":2,"isBroadcast":false,"version":4,"tempID":1512766380705},{"timestamp":1512766392556,"event":"shippy_client_received_stateupdate","source":1512766385937,"pkgSize":115,"numSuccessors":2,"isBroadcast":false,"version":5,"tempID":1512766380705},{"timestamp":1512766394939,"event":"shippy_client_call_add","source":1512766385937,"version":5},{"timestamp":1512766394957,"event":"shippy_client_received_stateupdate","source":1512766385937,"pkgSize":1137,"numSuccessors":2,"isBroadcast":false,"version":6,"tempID":1512766380705},{"timestamp":1512766402499,"event":"shippy_client_call_add","source":1512766385937,"version":6},{"timestamp":1512766402517,"event":"shippy_client_received_stateupdate","source":1512766385937,"pkgSize":1137,"numSuccessors":2,"isBroadcast":false,"version":7,"tempID":1512766380705},{"timestamp":1512766413974,"event":"shippy_become_client_begin","source":1512766380705},{"timestamp":1512766413977,"event":"shippy_become_client_end","source":1512766385937},{"timestamp":1512766418994,"event":"shippy_become_client_begin","source":1512766380705},{"timestamp":1512766418996,"event":"shippy_become_client_end","source":1512766385937},{"timestamp":1512766424006,"event":"shippy_become_client_begin","source":1512766380705},{"timestamp":1512766424010,"event":"shippy_become_client_end","source":1512766385937},{"timestamp":1512766429020,"event":"shippy_become_client_begin","source":1512766380705},{"timestamp":1512766429024,"event":"shippy_become_client_end","source":1512766385937},{"timestamp":1512766434027,"event":"shippy_become_client_begin","source":1512766380705},{"timestamp":1512766434028,"event":"shippy_become_client_end","source":1512766385937},{"timestamp":1512766439033,"event":"shippy_become_client_begin","source":1512766380705},{"timestamp":1512766439035,"event":"shippy_become_client_end","source":1512766385937},{"timestamp":1512766444046,"event":"shippy_become_client_begin","source":1512766380705},{"timestamp":1512766444047,"event":"shippy_become_client_end","source":1512766385937},{"timestamp":1512766460319,"event":"shippy_become_client_begin","source":1512766380705},{"timestamp":1512766460321,"event":"shippy_become_client_end","source":1512766385937},{"timestamp":1512766460349,"event":"shippy_client_received_welcome","source":1512766460341,"from":1512766380705,"pkgSize":26},{"timestamp":1512766460355,"event":"shippy_client_received_stateupdate","source":1512766460341,"pkgSize":2109,"numSuccessors":1,"isBroadcast":true,"version":7,"tempID":1512766380705},{"timestamp":1512766479105,"event":"shippy_become_client_begin","source":1512766380705},{"timestamp":1512766479108,"event":"shippy_become_client_end","source":1512766460341},{"timestamp":1512766484122,"event":"shippy_become_client_begin","source":1512766380705},{"timestamp":1512766484126,"event":"shippy_become_client_end","source":1512766460341},{"timestamp":1512766489133,"event":"shippy_become_server_begin","source":1512766460341},{"timestamp":1512766489836,"event":"shippy_become_server_end","source":1512766460341},{"timestamp":1512766491093,"event":"shippy_become_client_begin","source":1512766380705},{"timestamp":1512766491094,"event":"shippy_become_client_end","source":1512766460341},{"timestamp":1512766491103,"event":"shippy_server_ws_open","source":1512766460341,"from":1512766491103},{"timestamp":1512766491114,"event":"shippy_client_received_welcome","source":1512766491103,"from":1512766380705,"pkgSize":26},{"timestamp":1512766491122,"event":"shippy_server_received__revealdoublerole","source":1512766491103,"from":1512766491103,"pkgSize":63},{"timestamp":1512766498620,"event":"shippy_server_ws_open","source":1512766491103,"from":1512766498620},{"timestamp":1512766534758,"event":"shippy_server_ws_open","source":1512766491103,"from":1512766534758},{"timestamp":1512766542878,"event":"shippy_server_ws_close","source":1512766491103,"from":1512766498620},{"timestamp":1512766559336,"event":"shippy_server_ws_open","source":1512766491103,"from":1512766559336},{"timestamp":1512766564817,"event":"shippy_server_ws_open","source":1512766491103,"from":1512766564817},{"timestamp":1512766569673,"event":"disconnecting","source":1512766491103,"isServer":true}]