[{"timestamp":1512766559325,"event":"shippy_become_client_begin","source":1512766555397},{"timestamp":1512766559327,"event":"shippy_become_client_end","source":null},{"timestamp":1512766559360,"event":"shippy_client_received_welcome","source":1512766559336,"from":1512766555397,"pkgSize":26},{"timestamp":1512766559361,"event":"shippy_client_received_stateupdate","source":1512766559336,"pkgSize":2123,"numSuccessors":2,"isBroadcast":true,"version":7,"tempID":1512766555397},{"timestamp":1512766564833,"event":"shippy_client_received_stateupdate","source":1512766559336,"pkgSize":2137,"numSuccessors":3,"isBroadcast":true,"version":7,"tempID":1512766555397},{"timestamp":1512766574466,"event":"shippy_become_client_begin","source":1512766555397},{"timestamp":1512766574467,"event":"shippy_become_client_end","source":1512766559336},{"timestamp":1512766579525,"event":"shippy_become_client_begin","source":1512766555397},{"timestamp":1512766579527,"event":"shippy_become_client_end","source":1512766559336},{"timestamp":1512766629695,"event":"shippy_client_prune_successor","source":1512766559336},{"timestamp":1512766631944,"event":"shippy_become_client_begin","source":1512766555397},{"timestamp":1512766631946,"event":"shippy_become_client_end","source":1512766559336},{"timestamp":1512766631999,"event":"shippy_client_received_welcome","source":1512766631977,"from":1512766555397,"pkgSize":26},{"timestamp":1512766632003,"event":"shippy_client_received_stateupdate","source":1512766631977,"pkgSize":2123,"numSuccessors":2,"isBroadcast":true,"version":7,"tempID":1512766555397},{"timestamp":1512766650202,"event":"shippy_client_received_stateupdate","source":1512766631977,"pkgSize":2137,"numSuccessors":3,"isBroadcast":true,"version":7,"tempID":1512766555397},{"timestamp":1512766650314,"event":"shippy_client_received_stateupdate","source":1512766631977,"pkgSize":2151,"numSuccessors":4,"isBroadcast":true,"version":7,"tempID":1512766555397},{"timestamp":1512766650387,"event":"shippy_client_received_stateupdate","source":1512766631977,"pkgSize":2137,"numSuccessors":3,"isBroadcast":true,"version":7,"tempID":1512766555397},{"timestamp":1512766650395,"event":"shippy_client_received_stateupdate","source":1512766631977,"pkgSize":2137,"numSuccessors":3,"isBroadcast":true,"version":7,"tempID":1512766555397},{"timestamp":1512766651500,"event":"disconnecting","source":1512766631977,"isServer":false}]