[{"timestamp":1512767672514,"event":"shippy_become_client_begin","source":1512767671759},{"timestamp":1512767672516,"event":"shippy_become_client_end","source":null},{"timestamp":1512767672541,"event":"shippy_client_received_welcome","source":1512767672520,"from":1512767671759,"pkgSize":26},{"timestamp":1512767672544,"event":"shippy_client_received_stateupdate","source":1512767672520,"pkgSize":630,"numSuccessors":4,"isBroadcast":true,"version":7,"tempID":1512767671759},{"timestamp":1512767687551,"event":"shippy_become_client_begin","source":1512767671759},{"timestamp":1512767687552,"event":"shippy_become_client_end","source":1512767672520},{"timestamp":1512767692562,"event":"shippy_become_client_begin","source":1512767671759},{"timestamp":1512767692563,"event":"shippy_become_client_end","source":1512767672520},{"timestamp":1512767699912,"event":"shippy_become_client_begin","source":1512767671759},{"timestamp":1512767699913,"event":"shippy_become_client_end","source":1512767672520},{"timestamp":1512767699955,"event":"shippy_client_received_welcome","source":1512767699940,"from":1512767671759,"pkgSize":26},{"timestamp":1512767699956,"event":"shippy_client_received_stateupdate","source":1512767699940,"pkgSize":602,"numSuccessors":2,"isBroadcast":true,"version":7,"tempID":1512767671759},{"timestamp":1512767699982,"event":"shippy_client_received_stateupdate","source":1512767699940,"pkgSize":616,"numSuccessors":3,"isBroadcast":true,"version":7,"tempID":1512767671759},{"timestamp":1512767708120,"event":"shippy_client_received_stateupdate","source":1512767699940,"pkgSize":630,"numSuccessors":4,"isBroadcast":true,"version":7,"tempID":1512767671759},{"timestamp":1512767715060,"event":"disconnecting","source":1512767699940,"isServer":false}]