[{"timestamp":1512766701190,"event":"shippy_become_client_begin","source":1512766699946},{"timestamp":1512766701191,"event":"shippy_become_client_end","source":null},{"timestamp":1512766706200,"event":"shippy_become_client_begin","source":1512766699946},{"timestamp":1512766706201,"event":"shippy_become_client_end","source":null},{"timestamp":1512766711206,"event":"shippy_become_client_begin","source":1512766699946},{"timestamp":1512766711207,"event":"shippy_become_client_end","source":null},{"timestamp":1512766716213,"event":"shippy_become_client_begin","source":1512766699946},{"timestamp":1512766716214,"event":"shippy_become_client_end","source":null},{"timestamp":1512766721221,"event":"shippy_become_client_begin","source":1512766699946},{"timestamp":1512766721222,"event":"shippy_become_client_end","source":null},{"timestamp":1512766726246,"event":"shippy_become_client_begin","source":1512766699946},{"timestamp":1512766726247,"event":"shippy_become_client_end","source":null},{"timestamp":1512766731237,"event":"shippy_become_client_begin","source":1512766699946},{"timestamp":1512766731238,"event":"shippy_become_client_end","source":null},{"timestamp":1512766736247,"event":"shippy_become_client_begin","source":1512766699946},{"timestamp":1512766736249,"event":"shippy_become_client_end","source":null},{"timestamp":1512766741259,"event":"shippy_become_client_begin","source":1512766699946},{"timestamp":1512766741262,"event":"shippy_become_client_end","source":null},{"timestamp":1512766746270,"event":"shippy_become_client_begin","source":1512766699946},{"timestamp":1512766746272,"event":"shippy_become_client_end","source":null},{"timestamp":1512766746336,"event":"shippy_client_received_welcome","source":1512766744294,"from":1512766699946,"pkgSize":26},{"timestamp":1512766746341,"event":"shippy_client_received_stateupdate","source":1512766744294,"pkgSize":63,"numSuccessors":1,"isBroadcast":true,"version":0,"tempID":1512766699946},{"timestamp":1512766760707,"event":"shippy_client_received_stateupdate","source":1512766744294,"pkgSize":1048694,"numSuccessors":1,"isBroadcast":false,"version":1,"tempID":1512766699946},{"timestamp":1512766776952,"event":"shippy_client_received_stateupdate","source":1512766744294,"pkgSize":1048736,"numSuccessors":2,"isBroadcast":true,"version":1,"tempID":1512766699946},{"timestamp":1512766777252,"event":"shippy_client_received_stateupdate","source":1512766744294,"pkgSize":1048750,"numSuccessors":3,"isBroadcast":true,"version":1,"tempID":1512766699946},{"timestamp":1512766777370,"event":"shippy_client_received_stateupdate","source":1512766744294,"pkgSize":1048764,"numSuccessors":4,"isBroadcast":true,"version":1,"tempID":1512766699946},{"timestamp":1512766777718,"event":"shippy_client_received_stateupdate","source":1512766744294,"pkgSize":1048778,"numSuccessors":5,"isBroadcast":true,"version":1,"tempID":1512766699946},{"timestamp":1512766778121,"event":"shippy_client_received_stateupdate","source":1512766744294,"pkgSize":1048792,"numSuccessors":6,"isBroadcast":true,"version":1,"tempID":1512766699946},{"timestamp":1512766781058,"event":"shippy_client_received_stateupdate","source":1512766744294,"pkgSize":1048806,"numSuccessors":7,"isBroadcast":true,"version":1,"tempID":1512766699946},{"timestamp":1512766783306,"event":"shippy_client_received_stateupdate","source":1512766744294,"pkgSize":1048820,"numSuccessors":8,"isBroadcast":true,"version":1,"tempID":1512766699946},{"timestamp":1512766791390,"event":"shippy_become_client_begin","source":1512766699946},{"timestamp":1512766791392,"event":"shippy_become_client_end","source":1512766744294},{"timestamp":1512766796402,"event":"shippy_become_client_begin","source":1512766699946},{"timestamp":1512766796405,"event":"shippy_become_client_end","source":1512766744294},{"timestamp":1512766801413,"event":"shippy_become_server_begin","source":1512766744294},{"timestamp":1512766802071,"event":"shippy_become_server_end","source":1512766744294},{"timestamp":1512766803322,"event":"shippy_become_client_begin","source":1512766699946},{"timestamp":1512766803324,"event":"shippy_become_client_end","source":1512766744294},{"timestamp":1512766803359,"event":"shippy_server_ws_open","source":1512766744294,"from":1512766803359},{"timestamp":1512766803430,"event":"shippy_server_ws_open","source":1512766744294,"from":1512766803430},{"timestamp":1512766803650,"event":"shippy_client_received_welcome","source":1512766803359,"from":1512766699946,"pkgSize":26},{"timestamp":1512766803758,"event":"shippy_server_received__revealdoublerole","source":1512766803359,"from":1512766803359,"pkgSize":63},{"timestamp":1512766803810,"event":"shippy_server_ws_open","source":1512766803359,"from":1512766803810},{"timestamp":1512766814957,"event":"disconnecting","source":1512766803359,"isServer":true}]