[{"timestamp":1512767391890,"event":"shippy_become_client_begin","source":1512767391661},{"timestamp":1512767391891,"event":"shippy_become_client_end","source":null},{"timestamp":1512767391919,"event":"shippy_client_received_welcome","source":1512767391901,"from":1512767391661,"pkgSize":26},{"timestamp":1512767392031,"event":"shippy_client_received_stateupdate","source":1512767391901,"pkgSize":354494,"numSuccessors":3,"isBroadcast":true,"version":20,"tempID":1512767391661},{"timestamp":1512767421675,"event":"disconnecting","source":1512767391901,"isServer":false}]