[{"timestamp":1512766661265,"event":"shippy_become_server_begin","source":null},{"timestamp":1512766662022,"event":"shippy_become_server_end","source":null},{"timestamp":1512766663248,"event":"shippy_become_client_begin","source":1512766661131},{"timestamp":1512766663249,"event":"shippy_become_client_end","source":null},{"timestamp":1512766663253,"event":"shippy_server_ws_open","source":null,"from":1512766663253},{"timestamp":1512766663262,"event":"shippy_client_received_welcome","source":1512766663253,"from":1512766661131,"pkgSize":26},{"timestamp":1512766663265,"event":"shippy_server_received__revealdoublerole","source":1512766663253,"from":1512766663253,"pkgSize":63},{"timestamp":1512766744295,"event":"shippy_server_ws_open","source":1512766663253,"from":1512766744294},{"timestamp":1512766758078,"event":"shippy_client_call_add","source":1512766663253,"version":0},{"timestamp":1512766758189,"event":"shippy_server_received_add","source":1512766663253,"from":1512766663253,"pkgSize":1048645},{"timestamp":1512766774326,"event":"shippy_server_ws_open","source":1512766663253,"from":1512766774326},{"timestamp":1512766774533,"event":"shippy_server_ws_open","source":1512766663253,"from":1512766774533},{"timestamp":1512766774813,"event":"shippy_server_ws_open","source":1512766663253,"from":1512766774813},{"timestamp":1512766775102,"event":"shippy_server_ws_open","source":1512766663253,"from":1512766775102},{"timestamp":1512766775427,"event":"shippy_server_ws_open","source":1512766663253,"from":1512766775427},{"timestamp":1512766775807,"event":"shippy_server_ws_open","source":1512766663253,"from":1512766775807},{"timestamp":1512766779442,"event":"shippy_server_ws_open","source":1512766663253,"from":1512766779441},{"timestamp":1512766787801,"event":"disconnecting","source":1512766663253,"isServer":true}]