[{"timestamp":1512766339151,"event":"shippy_become_client_begin","source":1512766336529},{"timestamp":1512766339152,"event":"shippy_become_client_end","source":null},{"timestamp":1512766339179,"event":"shippy_client_received_welcome","source":1512766341178,"from":1512766336529,"pkgSize":26},{"timestamp":1512766339181,"event":"shippy_client_received_stateupdate","source":1512766341178,"pkgSize":859,"numSuccessors":3,"isBroadcast":true,"version":3,"tempID":1512766336529},{"timestamp":1512766341991,"event":"shippy_client_received_stateupdate","source":1512766341178,"pkgSize":845,"numSuccessors":2,"isBroadcast":true,"version":3,"tempID":1512766336529},{"timestamp":1512766349179,"event":"shippy_become_client_begin","source":1512766336529},{"timestamp":1512766349179,"event":"shippy_become_client_end","source":1512766341178},{"timestamp":1512766354187,"event":"shippy_become_client_begin","source":1512766336529},{"timestamp":1512766354187,"event":"shippy_become_client_end","source":1512766341178},{"timestamp":1512766381457,"event":"shippy_become_client_begin","source":1512766336529},{"timestamp":1512766381459,"event":"shippy_become_client_end","source":1512766341178},{"timestamp":1512766381480,"event":"shippy_client_received_welcome","source":1512766383483,"from":1512766336529,"pkgSize":26},{"timestamp":1512766381482,"event":"shippy_client_received_stateupdate","source":1512766383483,"pkgSize":831,"numSuccessors":1,"isBroadcast":true,"version":3,"tempID":1512766336529},{"timestamp":1512766383960,"event":"shippy_client_received_stateupdate","source":1512766383483,"pkgSize":845,"numSuccessors":2,"isBroadcast":true,"version":3,"tempID":1512766336529},{"timestamp":1512766387441,"event":"shippy_client_received_stateupdate","source":1512766383483,"pkgSize":127,"numSuccessors":2,"isBroadcast":false,"version":4,"tempID":1512766336529},{"timestamp":1512766392323,"event":"shippy_client_call_add","source":1512766383483,"version":4},{"timestamp":1512766392370,"event":"shippy_client_received_stateupdate","source":1512766383483,"pkgSize":114,"numSuccessors":2,"isBroadcast":false,"version":5,"tempID":1512766336529},{"timestamp":1512766394963,"event":"shippy_client_received_stateupdate","source":1512766383483,"pkgSize":1138,"numSuccessors":2,"isBroadcast":false,"version":6,"tempID":1512766336529},{"timestamp":1512766402523,"event":"shippy_client_received_stateupdate","source":1512766383483,"pkgSize":1138,"numSuccessors":2,"isBroadcast":false,"version":7,"tempID":1512766336529},{"timestamp":1512766414302,"event":"shippy_become_client_begin","source":1512766336529},{"timestamp":1512766414303,"event":"shippy_become_client_end","source":1512766383483},{"timestamp":1512766419313,"event":"shippy_become_client_begin","source":1512766336529},{"timestamp":1512766419313,"event":"shippy_become_client_end","source":1512766383483},{"timestamp":1512766424322,"event":"shippy_become_client_begin","source":1512766336529},{"timestamp":1512766424323,"event":"shippy_become_client_end","source":1512766383483},{"timestamp":1512766429349,"event":"shippy_become_client_begin","source":1512766336529},{"timestamp":1512766429350,"event":"shippy_become_client_end","source":1512766383483},{"timestamp":1512766434374,"event":"shippy_become_client_begin","source":1512766336529},{"timestamp":1512766434383,"event":"shippy_become_client_end","source":1512766383483},{"timestamp":1512766439415,"event":"shippy_become_client_begin","source":1512766336529},{"timestamp":1512766439418,"event":"shippy_become_client_end","source":1512766383483},{"timestamp":1512766444460,"event":"shippy_become_client_begin","source":1512766336529},{"timestamp":1512766444465,"event":"shippy_become_client_end","source":1512766383483},{"timestamp":1512766449527,"event":"shippy_become_server_begin","source":1512766383483},{"timestamp":1512766450178,"event":"shippy_become_server_end","source":1512766383483},{"timestamp":1512766451400,"event":"shippy_become_client_begin","source":1512766336529},{"timestamp":1512766451401,"event":"shippy_become_client_end","source":1512766383483},{"timestamp":1512766451416,"event":"shippy_server_ws_open","source":1512766383483,"from":1512766451416},{"timestamp":1512766451428,"event":"shippy_client_received_welcome","source":1512766451416,"from":1512766336529,"pkgSize":26},{"timestamp":1512766451488,"event":"shippy_server_received__revealdoublerole","source":1512766451416,"from":1512766451416,"pkgSize":63},{"timestamp":1512766460341,"event":"shippy_server_ws_open","source":1512766451416,"from":1512766460341},{"timestamp":1512766474224,"event":"disconnecting","source":1512766451416,"isServer":true}]