[{"timestamp":1512767427181,"event":"shippy_become_client_begin","source":1512767422498},{"timestamp":1512767427183,"event":"shippy_become_client_end","source":null},{"timestamp":1512767427226,"event":"shippy_client_received_welcome","source":1512767427193,"from":1512767422498,"pkgSize":26},{"timestamp":1512767427447,"event":"shippy_client_received_stateupdate","source":1512767427193,"pkgSize":354494,"numSuccessors":3,"isBroadcast":true,"version":20,"tempID":1512767422498},{"timestamp":1512767437984,"event":"shippy_client_received_stateupdate","source":1512767427193,"pkgSize":354480,"numSuccessors":2,"isBroadcast":true,"version":20,"tempID":1512767422498},{"timestamp":1512767452996,"event":"disconnecting","source":1512767427193,"isServer":false}]