[{"timestamp":1512767617849,"event":"shippy_become_client_begin","source":1512767615768},{"timestamp":1512767617850,"event":"shippy_become_client_end","source":null},{"timestamp":1512767617884,"event":"shippy_client_received_welcome","source":1512767617857,"from":1512767615768,"pkgSize":26},{"timestamp":1512767617885,"event":"shippy_client_received_stateupdate","source":1512767617857,"pkgSize":644,"numSuccessors":5,"isBroadcast":true,"version":7,"tempID":1512767615768},{"timestamp":1512767619238,"event":"shippy_client_received_stateupdate","source":1512767617857,"pkgSize":630,"numSuccessors":4,"isBroadcast":true,"version":7,"tempID":1512767615768},{"timestamp":1512767622869,"event":"shippy_become_client_begin","source":1512767615768},{"timestamp":1512767622869,"event":"shippy_become_client_end","source":1512767617857},{"timestamp":1512767627886,"event":"shippy_become_client_begin","source":1512767615768},{"timestamp":1512767627887,"event":"shippy_become_client_end","source":1512767617857},{"timestamp":1512767634465,"event":"shippy_become_client_begin","source":1512767615768},{"timestamp":1512767634466,"event":"shippy_become_client_end","source":1512767617857},{"timestamp":1512767634514,"event":"shippy_client_received_welcome","source":1512767634503,"from":1512767615768,"pkgSize":26},{"timestamp":1512767634515,"event":"shippy_client_received_stateupdate","source":1512767634503,"pkgSize":616,"numSuccessors":3,"isBroadcast":true,"version":7,"tempID":1512767615768},{"timestamp":1512767634518,"event":"shippy_client_received_stateupdate","source":1512767634503,"pkgSize":630,"numSuccessors":4,"isBroadcast":true,"version":7,"tempID":1512767615768},{"timestamp":1512767637918,"event":"shippy_become_client_begin","source":1512767615768},{"timestamp":1512767637919,"event":"shippy_become_client_end","source":1512767634503},{"timestamp":1512767642932,"event":"shippy_become_client_begin","source":1512767615768},{"timestamp":1512767642933,"event":"shippy_become_client_end","source":1512767634503},{"timestamp":1512767649230,"event":"shippy_become_client_begin","source":1512767615768},{"timestamp":1512767649231,"event":"shippy_become_client_end","source":1512767634503},{"timestamp":1512767649264,"event":"shippy_client_received_welcome","source":1512767649257,"from":1512767615768,"pkgSize":26},{"timestamp":1512767649265,"event":"shippy_client_received_stateupdate","source":1512767649257,"pkgSize":588,"numSuccessors":1,"isBroadcast":true,"version":7,"tempID":1512767615768},{"timestamp":1512767649299,"event":"shippy_client_received_stateupdate","source":1512767649257,"pkgSize":602,"numSuccessors":2,"isBroadcast":true,"version":7,"tempID":1512767615768},{"timestamp":1512767649311,"event":"shippy_client_received_stateupdate","source":1512767649257,"pkgSize":616,"numSuccessors":3,"isBroadcast":true,"version":7,"tempID":1512767615768},{"timestamp":1512767672561,"event":"shippy_client_received_stateupdate","source":1512767649257,"pkgSize":630,"numSuccessors":4,"isBroadcast":true,"version":7,"tempID":1512767615768},{"timestamp":1512767688049,"event":"shippy_become_client_begin","source":1512767615768},{"timestamp":1512767688050,"event":"shippy_become_client_end","source":1512767649257},{"timestamp":1512767693066,"event":"shippy_become_client_begin","source":1512767615768},{"timestamp":1512767693067,"event":"shippy_become_client_end","source":1512767649257},{"timestamp":1512767698079,"event":"shippy_become_server_begin","source":1512767649257},{"timestamp":1512767698621,"event":"shippy_become_server_end","source":1512767649257},{"timestamp":1512767699907,"event":"shippy_become_client_begin","source":1512767615768},{"timestamp":1512767699908,"event":"shippy_become_client_end","source":1512767649257},{"timestamp":1512767699912,"event":"shippy_server_ws_open","source":1512767649257,"from":1512767699912},{"timestamp":1512767699921,"event":"shippy_client_received_welcome","source":1512767699912,"from":1512767615768,"pkgSize":26},{"timestamp":1512767699925,"event":"shippy_server_received__revealdoublerole","source":1512767699912,"from":1512767699912,"pkgSize":63},{"timestamp":1512767699939,"event":"shippy_server_ws_open","source":1512767699912,"from":1512767699939},{"timestamp":1512767699940,"event":"shippy_server_ws_open","source":1512767699912,"from":1512767699940},{"timestamp":1512767699972,"event":"shippy_server_ws_open","source":1512767699912,"from":1512767699972},{"timestamp":1512767708109,"event":"shippy_server_ws_open","source":1512767699912,"from":1512767708109},{"timestamp":1512767715366,"event":"shippy_server_ws_close","source":1512767699912,"from":1512767699940},{"timestamp":1512767722747,"event":"shippy_server_ws_close","source":1512767699912,"from":1512767699972},{"timestamp":1512767736207,"event":"disconnecting","source":1512767699912,"isServer":true}]