[{"timestamp":1512766500619,"event":"shippy_become_client_begin","source":1512766498816},{"timestamp":1512766500620,"event":"shippy_become_client_end","source":null},{"timestamp":1512766500659,"event":"shippy_client_received_welcome","source":1512766498620,"from":1512766498816,"pkgSize":26},{"timestamp":1512766500661,"event":"shippy_client_received_stateupdate","source":1512766498620,"pkgSize":2109,"numSuccessors":1,"isBroadcast":true,"version":7,"tempID":1512766498816},{"timestamp":1512766536802,"event":"shippy_client_received_stateupdate","source":1512766498620,"pkgSize":2123,"numSuccessors":2,"isBroadcast":true,"version":7,"tempID":1512766498816},{"timestamp":1512766544544,"event":"disconnecting","source":1512766498620,"isServer":false}]