[{"timestamp":1512765999727,"event":"shippy_become_client_begin","source":1512765996881},{"timestamp":1512765999728,"event":"shippy_become_client_end","source":null},{"timestamp":1512765999745,"event":"shippy_client_received_welcome","source":1512765999733,"from":1512765996881,"pkgSize":26},{"timestamp":1512765999746,"event":"shippy_client_received_stateupdate","source":1512765999733,"pkgSize":211,"numSuccessors":1,"isBroadcast":true,"version":4,"tempID":1512765996881},{"timestamp":1512766039948,"event":"disconnecting","source":1512765999733,"isServer":false}]