[{"timestamp":1512767281545,"event":"shippy_become_client_begin","source":1512767280766},{"timestamp":1512767281546,"event":"shippy_become_client_end","source":null},{"timestamp":1512767281587,"event":"shippy_client_received_welcome","source":1512767283588,"from":1512767280766,"pkgSize":26},{"timestamp":1512767281803,"event":"shippy_client_received_stateupdate","source":1512767283588,"pkgSize":267150,"numSuccessors":4,"isBroadcast":true,"version":14,"tempID":1512767280766},{"timestamp":1512767283454,"event":"shippy_client_received_stateupdate","source":1512767283588,"pkgSize":16511,"numSuccessors":4,"isBroadcast":false,"version":15,"tempID":1512767280766},{"timestamp":1512767291581,"event":"shippy_become_client_begin","source":1512767280766},{"timestamp":1512767291582,"event":"shippy_become_client_end","source":1512767283588},{"timestamp":1512767296599,"event":"shippy_become_client_begin","source":1512767280766},{"timestamp":1512767296600,"event":"shippy_become_client_end","source":1512767283588},{"timestamp":1512767303701,"event":"shippy_become_client_begin","source":1512767280766},{"timestamp":1512767303702,"event":"shippy_become_client_end","source":1512767283588},{"timestamp":1512767303861,"event":"shippy_client_received_welcome","source":1512767303833,"from":1512767280766,"pkgSize":26},{"timestamp":1512767304223,"event":"shippy_client_received_stateupdate","source":1512767303833,"pkgSize":283612,"numSuccessors":3,"isBroadcast":true,"version":15,"tempID":1512767280766},{"timestamp":1512767312008,"event":"shippy_client_received_stateupdate","source":1512767303833,"pkgSize":283626,"numSuccessors":4,"isBroadcast":true,"version":15,"tempID":1512767280766},{"timestamp":1512767321667,"event":"shippy_become_client_begin","source":1512767280766},{"timestamp":1512767321668,"event":"shippy_become_client_end","source":1512767303833},{"timestamp":1512767326682,"event":"shippy_become_client_begin","source":1512767280766},{"timestamp":1512767326683,"event":"shippy_become_client_end","source":1512767303833},{"timestamp":1512767332540,"event":"shippy_client_call_add","source":1512767303833,"version":15},{"timestamp":1512767333660,"event":"shippy_become_client_begin","source":1512767280766},{"timestamp":1512767333662,"event":"shippy_become_client_end","source":1512767303833},{"timestamp":1512767333895,"event":"shippy_client_call_add","source":1512767303833,"version":15},{"timestamp":1512767334034,"event":"shippy_client_received_welcome","source":1512767333684,"from":1512767280766,"pkgSize":26},{"timestamp":1512767334042,"event":"shippy_client_received_stateupdate","source":1512767333684,"pkgSize":283598,"numSuccessors":2,"isBroadcast":true,"version":15,"tempID":1512767280766},{"timestamp":1512767334052,"event":"shippy_client_received_stateupdate","source":1512767333684,"pkgSize":283584,"numSuccessors":1,"isBroadcast":true,"version":15,"tempID":1512767280766},{"timestamp":1512767334096,"event":"shippy_client_received_stateupdate","source":1512767333684,"pkgSize":283584,"numSuccessors":1,"isBroadcast":true,"version":15,"tempID":1512767280766},{"timestamp":1512767334110,"event":"shippy_client_received_stateupdate","source":1512767333684,"pkgSize":283598,"numSuccessors":2,"isBroadcast":true,"version":15,"tempID":1512767280766},{"timestamp":1512767334118,"event":"shippy_client_received_stateupdate","source":1512767333684,"pkgSize":283612,"numSuccessors":3,"isBroadcast":true,"version":15,"tempID":1512767280766},{"timestamp":1512767334147,"event":"shippy_client_received_stateupdate","source":1512767333684,"pkgSize":4217,"numSuccessors":3,"isBroadcast":false,"version":16,"tempID":1512767280766},{"timestamp":1512767335696,"event":"shippy_client_call_add","source":1512767333684,"version":16},{"timestamp":1512767335712,"event":"shippy_client_received_stateupdate","source":1512767333684,"pkgSize":125,"numSuccessors":3,"isBroadcast":false,"version":17,"tempID":1512767280766},{"timestamp":1512767338948,"event":"shippy_client_received_stateupdate","source":1512767333684,"pkgSize":166,"numSuccessors":3,"isBroadcast":false,"version":18,"tempID":1512767280766},{"timestamp":1512767340279,"event":"shippy_client_received_stateupdate","source":1512767333684,"pkgSize":65654,"numSuccessors":3,"isBroadcast":false,"version":19,"tempID":1512767280766},{"timestamp":1512767366782,"event":"shippy_become_client_begin","source":1512767280766},{"timestamp":1512767366783,"event":"shippy_become_client_end","source":1512767333684},{"timestamp":1512767371791,"event":"shippy_become_client_begin","source":1512767280766},{"timestamp":1512767371793,"event":"shippy_become_client_end","source":1512767333684},{"timestamp":1512767376807,"event":"shippy_become_server_begin","source":1512767333684},{"timestamp":1512767377446,"event":"shippy_become_server_end","source":1512767333684},{"timestamp":1512767378698,"event":"shippy_become_client_begin","source":1512767280766},{"timestamp":1512767378700,"event":"shippy_become_client_end","source":1512767333684},{"timestamp":1512767378749,"event":"shippy_server_ws_open","source":1512767333684,"from":1512767378749},{"timestamp":1512767378838,"event":"shippy_client_received_welcome","source":1512767378749,"from":1512767280766,"pkgSize":26},{"timestamp":1512767378866,"event":"shippy_server_received__revealdoublerole","source":1512767378749,"from":1512767378749,"pkgSize":63},{"timestamp":1512767378874,"event":"shippy_server_ws_open","source":1512767378749,"from":1512767378874},{"timestamp":1512767378881,"event":"shippy_server_ws_open","source":1512767378749,"from":1512767378881},{"timestamp":1512767383382,"event":"shippy_server_received_add","source":1512767378749,"from":1512767378874,"pkgSize":1101},{"timestamp":1512767391901,"event":"shippy_server_ws_open","source":1512767378749,"from":1512767391901},{"timestamp":1512767421820,"event":"shippy_server_ws_close","source":1512767378749,"from":1512767391901},{"timestamp":1512767427193,"event":"shippy_server_ws_open","source":1512767378749,"from":1512767427193},{"timestamp":1512767437863,"event":"shippy_server_ws_close","source":1512767378749,"from":1512767378881},{"timestamp":1512767452240,"event":"disconnecting","source":1512767378749,"isServer":true}]