[{"timestamp":1512766209031,"event":"shippy_become_server_begin","source":null},{"timestamp":1512766209877,"event":"shippy_become_server_end","source":null},{"timestamp":1512766210138,"event":"shippy_become_client_begin","source":1512766208861},{"timestamp":1512766210139,"event":"shippy_become_client_end","source":null},{"timestamp":1512766210142,"event":"shippy_server_ws_open","source":null,"from":1512766210142},{"timestamp":1512766210146,"event":"shippy_client_received_welcome","source":1512766210142,"from":1512766208861,"pkgSize":26},{"timestamp":1512766210149,"event":"shippy_server_received__revealdoublerole","source":1512766210142,"from":1512766210142,"pkgSize":63},{"timestamp":1512766223107,"event":"shippy_server_ws_open","source":1512766210142,"from":1512766223107},{"timestamp":1512766232648,"event":"shippy_client_call_add","source":1512766210142,"version":0},{"timestamp":1512766232649,"event":"shippy_server_received_add","source":1512766210142,"from":1512766210142,"pkgSize":327},{"timestamp":1512766236898,"event":"shippy_server_received_add","source":1512766210142,"from":1512766223107,"pkgSize":73},{"timestamp":1512766240607,"event":"shippy_server_ws_open","source":1512766210142,"from":1512766240607},{"timestamp":1512766244593,"event":"shippy_server_received_add","source":1512766210142,"from":1512766240607,"pkgSize":324},{"timestamp":1512766248978,"event":"shippy_server_ws_open","source":1512766210142,"from":1512766248978},{"timestamp":1512766249862,"event":"disconnecting","source":1512766210142,"isServer":true}]