[{"timestamp":1512767522545,"event":"shippy_become_client_begin","source":1512767522052},{"timestamp":1512767522546,"event":"shippy_become_client_end","source":null},{"timestamp":1512767522585,"event":"shippy_client_received_welcome","source":1512767522566,"from":1512767522052,"pkgSize":26},{"timestamp":1512767522586,"event":"shippy_client_received_stateupdate","source":1512767522566,"pkgSize":105,"numSuccessors":4,"isBroadcast":true,"version":3,"tempID":1512767522052},{"timestamp":1512767527561,"event":"shippy_become_client_begin","source":1512767522052},{"timestamp":1512767527562,"event":"shippy_become_client_end","source":1512767522566},{"timestamp":1512767532594,"event":"shippy_become_client_begin","source":1512767522052},{"timestamp":1512767532594,"event":"shippy_become_client_end","source":1512767522566},{"timestamp":1512767539426,"event":"shippy_become_client_begin","source":1512767522052},{"timestamp":1512767539427,"event":"shippy_become_client_end","source":1512767522566},{"timestamp":1512767539447,"event":"shippy_client_received_welcome","source":1512767539438,"from":1512767522052,"pkgSize":26},{"timestamp":1512767539449,"event":"shippy_client_received_stateupdate","source":1512767539438,"pkgSize":63,"numSuccessors":1,"isBroadcast":true,"version":3,"tempID":1512767522052},{"timestamp":1512767539460,"event":"shippy_client_received_stateupdate","source":1512767539438,"pkgSize":77,"numSuccessors":2,"isBroadcast":true,"version":3,"tempID":1512767522052},{"timestamp":1512767539493,"event":"shippy_client_received_stateupdate","source":1512767539438,"pkgSize":63,"numSuccessors":1,"isBroadcast":true,"version":3,"tempID":1512767522052},{"timestamp":1512767539496,"event":"shippy_client_received_stateupdate","source":1512767539438,"pkgSize":63,"numSuccessors":1,"isBroadcast":true,"version":3,"tempID":1512767522052},{"timestamp":1512767539654,"event":"shippy_client_received_stateupdate","source":1512767539438,"pkgSize":77,"numSuccessors":2,"isBroadcast":true,"version":3,"tempID":1512767522052},{"timestamp":1512767539664,"event":"shippy_client_received_stateupdate","source":1512767539438,"pkgSize":91,"numSuccessors":3,"isBroadcast":true,"version":3,"tempID":1512767522052},{"timestamp":1512767572709,"event":"shippy_client_received_stateupdate","source":1512767539438,"pkgSize":105,"numSuccessors":4,"isBroadcast":true,"version":3,"tempID":1512767522052},{"timestamp":1512767582718,"event":"shippy_become_client_begin","source":1512767522052},{"timestamp":1512767582719,"event":"shippy_become_client_end","source":1512767539438},{"timestamp":1512767587739,"event":"shippy_become_client_begin","source":1512767522052},{"timestamp":1512767587740,"event":"shippy_become_client_end","source":1512767539438},{"timestamp":1512767592753,"event":"shippy_become_server_begin","source":1512767539438},{"timestamp":1512767593304,"event":"shippy_become_server_end","source":1512767539438},{"timestamp":1512767594799,"event":"shippy_become_client_begin","source":1512767522052},{"timestamp":1512767594800,"event":"shippy_become_client_end","source":1512767539438},{"timestamp":1512767595019,"event":"shippy_server_ws_open","source":1512767539438,"from":1512767595019},{"timestamp":1512767595039,"event":"shippy_server_ws_open","source":1512767539438,"from":1512767595038},{"timestamp":1512767595047,"event":"shippy_server_ws_open","source":1512767539438,"from":1512767595047},{"timestamp":1512767595122,"event":"shippy_client_received_welcome","source":1512767595047,"from":1512767522052,"pkgSize":26},{"timestamp":1512767595144,"event":"shippy_server_ws_open","source":1512767595047,"from":1512767595144},{"timestamp":1512767595172,"event":"shippy_server_received__revealdoublerole","source":1512767595047,"from":1512767595047,"pkgSize":63},{"timestamp":1512767595174,"event":"shippy_server_ws_open","source":1512767595047,"from":1512767595174},{"timestamp":1512767596942,"event":"shippy_client_call_add","source":1512767595047,"version":3},{"timestamp":1512767596946,"event":"shippy_server_received_add","source":1512767595047,"from":1512767595047,"pkgSize":318},{"timestamp":1512767599256,"event":"shippy_server_received_add","source":1512767595047,"from":1512767595144,"pkgSize":90},{"timestamp":1512767599287,"event":"shippy_server_received_add","source":1512767595047,"from":1512767595019,"pkgSize":65},{"timestamp":1512767603851,"event":"shippy_server_received_add","source":1512767595047,"from":1512767595174,"pkgSize":73},{"timestamp":1512767617857,"event":"shippy_server_ws_open","source":1512767595047,"from":1512767617857},{"timestamp":1512767619224,"event":"shippy_server_ws_close","source":1512767595047,"from":1512767595144},{"timestamp":1512767619984,"event":"disconnecting","source":1512767595047,"isServer":true}]