[{"timestamp":1512767788350,"event":"shippy_become_client_begin","source":1512767787382},{"timestamp":1512767788351,"event":"shippy_become_client_end","source":null},{"timestamp":1512767788384,"event":"shippy_client_received_welcome","source":1512767790400,"from":1512767787382,"pkgSize":26},{"timestamp":1512767788396,"event":"shippy_client_received_stateupdate","source":1512767790400,"pkgSize":432,"numSuccessors":3,"isBroadcast":true,"version":17,"tempID":1512767787382},{"timestamp":1512767789642,"event":"shippy_client_received_stateupdate","source":1512767790400,"pkgSize":418,"numSuccessors":2,"isBroadcast":true,"version":17,"tempID":1512767787382},{"timestamp":1512767798389,"event":"shippy_become_client_begin","source":1512767787382},{"timestamp":1512767798390,"event":"shippy_become_client_end","source":1512767790400},{"timestamp":1512767803408,"event":"shippy_become_client_begin","source":1512767787382},{"timestamp":1512767803410,"event":"shippy_become_client_end","source":1512767790400},{"timestamp":1512767813785,"event":"disconnecting","source":1512767790400,"isServer":false}]