[{"timestamp":1512766684835,"event":"shippy_become_client_begin","source":1512766684679},{"timestamp":1512766684836,"event":"shippy_become_client_end","source":null},{"timestamp":1512766689900,"event":"shippy_become_client_begin","source":1512766684679},{"timestamp":1512766689903,"event":"shippy_become_client_end","source":null},{"timestamp":1512766694871,"event":"shippy_become_client_begin","source":1512766684679},{"timestamp":1512766694873,"event":"shippy_become_client_end","source":null},{"timestamp":1512766699881,"event":"shippy_become_client_begin","source":1512766684679},{"timestamp":1512766699882,"event":"shippy_become_client_end","source":null},{"timestamp":1512766704896,"event":"shippy_become_client_begin","source":1512766684679},{"timestamp":1512766704898,"event":"shippy_become_client_end","source":null},{"timestamp":1512766709910,"event":"shippy_become_client_begin","source":1512766684679},{"timestamp":1512766709911,"event":"shippy_become_client_end","source":null},{"timestamp":1512766714922,"event":"shippy_become_client_begin","source":1512766684679},{"timestamp":1512766714923,"event":"shippy_become_client_end","source":null},{"timestamp":1512766719937,"event":"shippy_become_client_begin","source":1512766684679},{"timestamp":1512766719939,"event":"shippy_become_client_end","source":null},{"timestamp":1512766724944,"event":"shippy_become_client_begin","source":1512766684679},{"timestamp":1512766724945,"event":"shippy_become_client_end","source":null},{"timestamp":1512766729954,"event":"shippy_become_client_begin","source":1512766684679},{"timestamp":1512766729956,"event":"shippy_become_client_end","source":null},{"timestamp":1512766734961,"event":"shippy_become_client_begin","source":1512766684679},{"timestamp":1512766734962,"event":"shippy_become_client_end","source":null},{"timestamp":1512766739968,"event":"shippy_become_client_begin","source":1512766684679},{"timestamp":1512766739969,"event":"shippy_become_client_end","source":null},{"timestamp":1512766744978,"event":"shippy_become_client_begin","source":1512766684679},{"timestamp":1512766744980,"event":"shippy_become_client_end","source":null},{"timestamp":1512766749992,"event":"shippy_become_client_begin","source":1512766684679},{"timestamp":1512766749994,"event":"shippy_become_client_end","source":null},{"timestamp":1512766755000,"event":"shippy_become_client_begin","source":1512766684679},{"timestamp":1512766755001,"event":"shippy_become_client_end","source":null},{"timestamp":1512766760019,"event":"shippy_become_client_begin","source":1512766684679},{"timestamp":1512766760021,"event":"shippy_become_client_end","source":null},{"timestamp":1512766765035,"event":"shippy_become_client_begin","source":1512766684679},{"timestamp":1512766765037,"event":"shippy_become_client_end","source":null},{"timestamp":1512766770049,"event":"shippy_become_client_begin","source":1512766684679},{"timestamp":1512766770051,"event":"shippy_become_client_end","source":null},{"timestamp":1512766774344,"event":"shippy_client_received_welcome","source":1512766774326,"from":1512766684679,"pkgSize":26},{"timestamp":1512766774649,"event":"shippy_client_received_welcome","source":1512766774533,"from":1512766684679,"pkgSize":26},{"timestamp":1512766774975,"event":"shippy_client_received_welcome","source":1512766774813,"from":1512766684679,"pkgSize":26},{"timestamp":1512766775346,"event":"shippy_client_received_welcome","source":1512766775102,"from":1512766684679,"pkgSize":26},{"timestamp":1512766775581,"event":"shippy_client_received_stateupdate","source":1512766775102,"pkgSize":1048736,"numSuccessors":2,"isBroadcast":true,"version":1,"tempID":1512766684679},{"timestamp":1512766775812,"event":"shippy_client_received_welcome","source":1512766775427,"from":1512766684679,"pkgSize":26},{"timestamp":1512766776065,"event":"shippy_client_received_stateupdate","source":1512766775427,"pkgSize":1048750,"numSuccessors":3,"isBroadcast":true,"version":1,"tempID":1512766684679},{"timestamp":1512766776152,"event":"shippy_client_received_stateupdate","source":1512766775427,"pkgSize":1048750,"numSuccessors":3,"isBroadcast":true,"version":1,"tempID":1512766684679},{"timestamp":1512766776309,"event":"shippy_client_received_stateupdate","source":1512766775427,"pkgSize":1048764,"numSuccessors":4,"isBroadcast":true,"version":1,"tempID":1512766684679},{"timestamp":1512766776447,"event":"shippy_client_received_welcome","source":1512766775807,"from":1512766684679,"pkgSize":26},{"timestamp":1512766776897,"event":"shippy_client_received_stateupdate","source":1512766775807,"pkgSize":1048764,"numSuccessors":4,"isBroadcast":true,"version":1,"tempID":1512766684679},{"timestamp":1512766776921,"event":"shippy_client_received_stateupdate","source":1512766775807,"pkgSize":1048778,"numSuccessors":5,"isBroadcast":true,"version":1,"tempID":1512766684679},{"timestamp":1512766777045,"event":"shippy_client_received_stateupdate","source":1512766775807,"pkgSize":1048764,"numSuccessors":4,"isBroadcast":true,"version":1,"tempID":1512766684679},{"timestamp":1512766777365,"event":"shippy_client_received_stateupdate","source":1512766775807,"pkgSize":1048778,"numSuccessors":5,"isBroadcast":true,"version":1,"tempID":1512766684679},{"timestamp":1512766777658,"event":"shippy_client_received_stateupdate","source":1512766775807,"pkgSize":1048792,"numSuccessors":6,"isBroadcast":true,"version":1,"tempID":1512766684679},{"timestamp":1512766777746,"event":"shippy_client_received_stateupdate","source":1512766775807,"pkgSize":1048806,"numSuccessors":7,"isBroadcast":true,"version":1,"tempID":1512766684679},{"timestamp":1512766777774,"event":"shippy_client_received_stateupdate","source":1512766775807,"pkgSize":1048792,"numSuccessors":6,"isBroadcast":true,"version":1,"tempID":1512766684679},{"timestamp":1512766777964,"event":"shippy_client_received_stateupdate","source":1512766775807,"pkgSize":1048792,"numSuccessors":6,"isBroadcast":true,"version":1,"tempID":1512766684679},{"timestamp":1512766778004,"event":"shippy_client_received_stateupdate","source":1512766775807,"pkgSize":1048806,"numSuccessors":7,"isBroadcast":true,"version":1,"tempID":1512766684679},{"timestamp":1512766778058,"event":"shippy_client_received_stateupdate","source":1512766775807,"pkgSize":1048806,"numSuccessors":7,"isBroadcast":true,"version":1,"tempID":1512766684679},{"timestamp":1512766778112,"event":"shippy_client_received_stateupdate","source":1512766775807,"pkgSize":1048778,"numSuccessors":5,"isBroadcast":true,"version":1,"tempID":1512766684679},{"timestamp":1512766778296,"event":"shippy_client_received_stateupdate","source":1512766775807,"pkgSize":1048778,"numSuccessors":5,"isBroadcast":true,"version":1,"tempID":1512766684679},{"timestamp":1512766778379,"event":"shippy_client_received_stateupdate","source":1512766775807,"pkgSize":1048792,"numSuccessors":6,"isBroadcast":true,"version":1,"tempID":1512766684679},{"timestamp":1512766778641,"event":"shippy_client_received_stateupdate","source":1512766775807,"pkgSize":1048806,"numSuccessors":7,"isBroadcast":true,"version":1,"tempID":1512766684679},{"timestamp":1512766778673,"event":"shippy_client_received_stateupdate","source":1512766775807,"pkgSize":1048806,"numSuccessors":7,"isBroadcast":true,"version":1,"tempID":1512766684679},{"timestamp":1512766778750,"event":"shippy_client_received_stateupdate","source":1512766775807,"pkgSize":1048792,"numSuccessors":6,"isBroadcast":true,"version":1,"tempID":1512766684679},{"timestamp":1512766778917,"event":"shippy_client_received_stateupdate","source":1512766775807,"pkgSize":1048806,"numSuccessors":7,"isBroadcast":true,"version":1,"tempID":1512766684679},{"timestamp":1512766780824,"event":"shippy_client_received_stateupdate","source":1512766775807,"pkgSize":1048820,"numSuccessors":8,"isBroadcast":true,"version":1,"tempID":1512766684679},{"timestamp":1512766780853,"event":"shippy_client_received_stateupdate","source":1512766775807,"pkgSize":1048820,"numSuccessors":8,"isBroadcast":true,"version":1,"tempID":1512766684679},{"timestamp":1512766780916,"event":"shippy_client_received_stateupdate","source":1512766775807,"pkgSize":1048820,"numSuccessors":8,"isBroadcast":true,"version":1,"tempID":1512766684679},{"timestamp":1512766781024,"event":"shippy_client_received_stateupdate","source":1512766775807,"pkgSize":1048820,"numSuccessors":8,"isBroadcast":true,"version":1,"tempID":1512766684679},{"timestamp":1512766781178,"event":"shippy_client_received_stateupdate","source":1512766775807,"pkgSize":1048820,"numSuccessors":8,"isBroadcast":true,"version":1,"tempID":1512766684679},{"timestamp":1512766781268,"event":"shippy_client_received_stateupdate","source":1512766775807,"pkgSize":1048820,"numSuccessors":8,"isBroadcast":true,"version":1,"tempID":1512766684679},{"timestamp":1512766790095,"event":"shippy_become_client_begin","source":1512766684679},{"timestamp":1512766790097,"event":"shippy_become_client_end","source":1512766775807},{"timestamp":1512766795101,"event":"shippy_become_client_begin","source":1512766684679},{"timestamp":1512766795102,"event":"shippy_become_client_end","source":1512766775807},{"timestamp":1512766801331,"event":"shippy_become_client_begin","source":1512766684679},{"timestamp":1512766801333,"event":"shippy_become_client_end","source":1512766775807},{"timestamp":1512766801634,"event":"shippy_client_received_welcome","source":1512766803430,"from":1512766684679,"pkgSize":26},{"timestamp":1512766801859,"event":"shippy_client_received_stateupdate","source":1512766803430,"pkgSize":1048736,"numSuccessors":2,"isBroadcast":true,"version":1,"tempID":1512766684679},{"timestamp":1512766802561,"event":"shippy_client_received_stateupdate","source":1512766803430,"pkgSize":1048722,"numSuccessors":1,"isBroadcast":true,"version":1,"tempID":1512766684679},{"timestamp":1512766802759,"event":"shippy_client_received_stateupdate","source":1512766803430,"pkgSize":1048722,"numSuccessors":1,"isBroadcast":true,"version":1,"tempID":1512766684679},{"timestamp":1512766802869,"event":"shippy_client_received_stateupdate","source":1512766803430,"pkgSize":1048736,"numSuccessors":2,"isBroadcast":true,"version":1,"tempID":1512766684679},{"timestamp":1512766815154,"event":"shippy_become_client_begin","source":1512766684679},{"timestamp":1512766815156,"event":"shippy_become_client_end","source":1512766803430},{"timestamp":1512766820167,"event":"shippy_become_client_begin","source":1512766684679},{"timestamp":1512766820168,"event":"shippy_become_client_end","source":1512766803430},{"timestamp":1512766825177,"event":"shippy_become_server_begin","source":1512766803430},{"timestamp":1512766825797,"event":"shippy_become_server_end","source":1512766803430},{"timestamp":1512766827060,"event":"shippy_become_client_begin","source":1512766684679},{"timestamp":1512766827062,"event":"shippy_become_client_end","source":1512766803430},{"timestamp":1512766827072,"event":"shippy_server_ws_open","source":1512766803430,"from":1512766827072},{"timestamp":1512766827089,"event":"shippy_client_received_welcome","source":1512766827072,"from":1512766684679,"pkgSize":26},{"timestamp":1512766827206,"event":"shippy_server_received__revealdoublerole","source":1512766827072,"from":1512766827072,"pkgSize":63},{"timestamp":1512766827261,"event":"shippy_server_ws_open","source":1512766827072,"from":1512766827261},{"timestamp":1512766845264,"event":"shippy_server_ws_open","source":1512766827072,"from":1512766845264},{"timestamp":1512766854514,"event":"shippy_server_ws_open","source":1512766827072,"from":1512766854514},{"timestamp":1512766857048,"event":"disconnecting","source":1512766827072,"isServer":true}]