[{"timestamp":1512767456475,"event":"shippy_become_server_begin","source":null},{"timestamp":1512767456929,"event":"shippy_become_client_begin","source":1512767456310},{"timestamp":1512767456930,"event":"shippy_become_client_end","source":null},{"timestamp":1512767457334,"event":"shippy_become_server_end","source":null},{"timestamp":1512767461947,"event":"shippy_become_client_begin","source":1512767456310},{"timestamp":1512767461948,"event":"shippy_become_client_end","source":null},{"timestamp":1512767466960,"event":"shippy_become_client_begin","source":1512767456310},{"timestamp":1512767466961,"event":"shippy_become_client_end","source":null},{"timestamp":1512767466964,"event":"shippy_server_ws_open","source":null,"from":1512767466964},{"timestamp":1512767466981,"event":"shippy_client_received_welcome","source":1512767466964,"from":1512767456310,"pkgSize":26},{"timestamp":1512767466984,"event":"shippy_server_received__revealdoublerole","source":1512767466964,"from":1512767466964,"pkgSize":63},{"timestamp":1512767487433,"event":"shippy_server_ws_open","source":1512767466964,"from":1512767487433},{"timestamp":1512767496119,"event":"shippy_server_ws_open","source":1512767466964,"from":1512767496119},{"timestamp":1512767500642,"event":"shippy_client_call_add","source":1512767466964,"version":0},{"timestamp":1512767500644,"event":"shippy_server_received_add","source":1512767466964,"from":1512767466964,"pkgSize":69},{"timestamp":1512767502989,"event":"shippy_server_received_add","source":1512767466964,"from":1512767496119,"pkgSize":73},{"timestamp":1512767505008,"event":"shippy_server_received_remove","source":1512767466964,"from":1512767496119,"pkgSize":76},{"timestamp":1512767517068,"event":"shippy_server_ws_open","source":1512767466964,"from":1512767517068},{"timestamp":1512767522566,"event":"shippy_server_ws_open","source":1512767466964,"from":1512767522566},{"timestamp":1512767526383,"event":"disconnecting","source":1512767466964,"isServer":true}]