[{"timestamp":1512766280112,"event":"shippy_become_client_begin","source":1512766279218},{"timestamp":1512766280113,"event":"shippy_become_client_end","source":null},{"timestamp":1512766280157,"event":"shippy_client_received_welcome","source":1512766280125,"from":1512766279218,"pkgSize":26},{"timestamp":1512766280158,"event":"shippy_client_received_stateupdate","source":1512766280125,"pkgSize":859,"numSuccessors":3,"isBroadcast":true,"version":3,"tempID":1512766279218},{"timestamp":1512766287750,"event":"shippy_client_received_stateupdate","source":1512766280125,"pkgSize":845,"numSuccessors":2,"isBroadcast":true,"version":3,"tempID":1512766279218},{"timestamp":1512766296094,"event":"shippy_client_received_stateupdate","source":1512766280125,"pkgSize":859,"numSuccessors":3,"isBroadcast":true,"version":3,"tempID":1512766279218},{"timestamp":1512766301735,"event":"shippy_client_received_stateupdate","source":1512766280125,"pkgSize":845,"numSuccessors":2,"isBroadcast":true,"version":3,"tempID":1512766279218},{"timestamp":1512766341191,"event":"shippy_client_received_stateupdate","source":1512766280125,"pkgSize":859,"numSuccessors":3,"isBroadcast":true,"version":3,"tempID":1512766279218},{"timestamp":1512766344009,"event":"shippy_client_received_stateupdate","source":1512766280125,"pkgSize":845,"numSuccessors":2,"isBroadcast":true,"version":3,"tempID":1512766279218},{"timestamp":1512766350225,"event":"shippy_become_client_begin","source":1512766279218},{"timestamp":1512766350226,"event":"shippy_become_client_end","source":1512766280125},{"timestamp":1512766355234,"event":"shippy_become_client_begin","source":1512766279218},{"timestamp":1512766355234,"event":"shippy_become_client_end","source":1512766280125},{"timestamp":1512766360243,"event":"shippy_become_server_begin","source":1512766280125},{"timestamp":1512766360863,"event":"shippy_become_server_end","source":1512766280125},{"timestamp":1512766362354,"event":"shippy_become_client_begin","source":1512766279218},{"timestamp":1512766362355,"event":"shippy_become_client_end","source":1512766280125},{"timestamp":1512766362517,"event":"shippy_server_ws_open","source":1512766280125,"from":1512766362517},{"timestamp":1512766362555,"event":"shippy_client_received_welcome","source":1512766362517,"from":1512766279218,"pkgSize":26},{"timestamp":1512766362596,"event":"shippy_server_received__revealdoublerole","source":1512766362517,"from":1512766362517,"pkgSize":63},{"timestamp":1512766383483,"event":"shippy_server_ws_open","source":1512766362517,"from":1512766383483},{"timestamp":1512766385937,"event":"shippy_server_ws_open","source":1512766362517,"from":1512766385937},{"timestamp":1512766389380,"event":"shippy_client_call_add","source":1512766362517,"version":3},{"timestamp":1512766389386,"event":"shippy_server_received_add","source":1512766362517,"from":1512766362517,"pkgSize":78},{"timestamp":1512766394372,"event":"shippy_server_received_add","source":1512766362517,"from":1512766383483,"pkgSize":66},{"timestamp":1512766396967,"event":"shippy_server_received_add","source":1512766362517,"from":1512766385937,"pkgSize":1089},{"timestamp":1512766404522,"event":"shippy_server_received_add","source":1512766362517,"from":1512766385937,"pkgSize":1089},{"timestamp":1512766411600,"event":"disconnecting","source":1512766362517,"isServer":true}]