[{"timestamp":1512767487344,"event":"shippy_become_client_begin","source":1512767485219},{"timestamp":1512767487346,"event":"shippy_become_client_end","source":null},{"timestamp":1512767487440,"event":"shippy_client_received_welcome","source":1512767487433,"from":1512767485219,"pkgSize":26},{"timestamp":1512767487441,"event":"shippy_client_received_stateupdate","source":1512767487433,"pkgSize":63,"numSuccessors":1,"isBroadcast":true,"version":0,"tempID":1512767485219},{"timestamp":1512767496131,"event":"shippy_client_received_stateupdate","source":1512767487433,"pkgSize":77,"numSuccessors":2,"isBroadcast":true,"version":0,"tempID":1512767485219},{"timestamp":1512767500744,"event":"shippy_client_received_stateupdate","source":1512767487433,"pkgSize":118,"numSuccessors":2,"isBroadcast":false,"version":1,"tempID":1512767485219},{"timestamp":1512767503208,"event":"shippy_client_received_stateupdate","source":1512767487433,"pkgSize":122,"numSuccessors":2,"isBroadcast":false,"version":2,"tempID":1512767485219},{"timestamp":1512767505040,"event":"shippy_client_received_stateupdate","source":1512767487433,"pkgSize":106,"numSuccessors":2,"isBroadcast":false,"version":3,"tempID":1512767485219},{"timestamp":1512767517129,"event":"shippy_client_received_stateupdate","source":1512767487433,"pkgSize":91,"numSuccessors":3,"isBroadcast":true,"version":3,"tempID":1512767485219},{"timestamp":1512767522579,"event":"shippy_client_received_stateupdate","source":1512767487433,"pkgSize":105,"numSuccessors":4,"isBroadcast":true,"version":3,"tempID":1512767485219},{"timestamp":1512767527565,"event":"shippy_become_client_begin","source":1512767485219},{"timestamp":1512767527566,"event":"shippy_become_client_end","source":1512767487433},{"timestamp":1512767532596,"event":"shippy_become_client_begin","source":1512767485219},{"timestamp":1512767532597,"event":"shippy_become_client_end","source":1512767487433},{"timestamp":1512767537605,"event":"shippy_become_server_begin","source":1512767487433},{"timestamp":1512767538174,"event":"shippy_become_server_end","source":1512767487433},{"timestamp":1512767539430,"event":"shippy_become_client_begin","source":1512767485219},{"timestamp":1512767539432,"event":"shippy_become_client_end","source":1512767487433},{"timestamp":1512767539438,"event":"shippy_server_ws_open","source":1512767487433,"from":1512767539438},{"timestamp":1512767539451,"event":"shippy_server_ws_open","source":1512767487433,"from":1512767539451},{"timestamp":1512767539465,"event":"shippy_client_received_welcome","source":1512767539451,"from":1512767485219,"pkgSize":26},{"timestamp":1512767539489,"event":"shippy_server_received__revealdoublerole","source":1512767539451,"from":1512767539451,"pkgSize":63},{"timestamp":1512767539650,"event":"shippy_server_ws_open","source":1512767539451,"from":1512767539650},{"timestamp":1512767539652,"event":"shippy_server_ws_open","source":1512767539451,"from":1512767539652},{"timestamp":1512767572703,"event":"shippy_server_ws_open","source":1512767539451,"from":1512767572703},{"timestamp":1512767577442,"event":"disconnecting","source":1512767539451,"isServer":true}]