[{"timestamp":1512767146008,"event":"shippy_become_client_begin","source":1512767143955},{"timestamp":1512767146011,"event":"shippy_become_client_end","source":null},{"timestamp":1512767146286,"event":"shippy_client_received_welcome","source":1512767146280,"from":1512767143955,"pkgSize":26},{"timestamp":1512767146531,"event":"shippy_client_received_stateupdate","source":1512767146280,"pkgSize":267150,"numSuccessors":4,"isBroadcast":true,"version":11,"tempID":1512767143955},{"timestamp":1512767151022,"event":"shippy_become_client_begin","source":1512767143955},{"timestamp":1512767151022,"event":"shippy_become_client_end","source":1512767146280},{"timestamp":1512767156187,"event":"shippy_become_client_begin","source":1512767143955},{"timestamp":1512767156188,"event":"shippy_become_client_end","source":1512767146280},{"timestamp":1512767163212,"event":"shippy_become_client_begin","source":1512767143955},{"timestamp":1512767163214,"event":"shippy_become_client_end","source":1512767146280},{"timestamp":1512767163525,"event":"shippy_client_received_welcome","source":1512767163441,"from":1512767143955,"pkgSize":26},{"timestamp":1512767163623,"event":"shippy_client_received_stateupdate","source":1512767163441,"pkgSize":267122,"numSuccessors":2,"isBroadcast":true,"version":11,"tempID":1512767143955},{"timestamp":1512767163712,"event":"shippy_client_received_stateupdate","source":1512767163441,"pkgSize":267136,"numSuccessors":3,"isBroadcast":true,"version":11,"tempID":1512767143955},{"timestamp":1512767176267,"event":"shippy_become_client_begin","source":1512767143955},{"timestamp":1512767176269,"event":"shippy_become_client_end","source":1512767163441},{"timestamp":1512767181285,"event":"shippy_become_client_begin","source":1512767143955},{"timestamp":1512767181286,"event":"shippy_become_client_end","source":1512767163441},{"timestamp":1512767187392,"event":"shippy_become_client_begin","source":1512767143955},{"timestamp":1512767187393,"event":"shippy_become_client_end","source":1512767163441},{"timestamp":1512767187469,"event":"shippy_client_received_welcome","source":1512767189436,"from":1512767143955,"pkgSize":26},{"timestamp":1512767187599,"event":"shippy_client_received_stateupdate","source":1512767189436,"pkgSize":267122,"numSuccessors":2,"isBroadcast":true,"version":11,"tempID":1512767143955},{"timestamp":1512767241677,"event":"shippy_client_received_stateupdate","source":1512767189436,"pkgSize":267136,"numSuccessors":3,"isBroadcast":true,"version":11,"tempID":1512767143955},{"timestamp":1512767246450,"event":"shippy_become_client_begin","source":1512767143955},{"timestamp":1512767246452,"event":"shippy_become_client_end","source":1512767189436},{"timestamp":1512767251464,"event":"shippy_become_client_begin","source":1512767143955},{"timestamp":1512767251466,"event":"shippy_become_client_end","source":1512767189436},{"timestamp":1512767262622,"event":"shippy_become_client_begin","source":1512767143955},{"timestamp":1512767262623,"event":"shippy_become_client_end","source":1512767189436},{"timestamp":1512767262690,"event":"shippy_client_received_welcome","source":1512767264675,"from":1512767143955,"pkgSize":26},{"timestamp":1512767262829,"event":"shippy_client_received_stateupdate","source":1512767264675,"pkgSize":267122,"numSuccessors":2,"isBroadcast":true,"version":11,"tempID":1512767143955},{"timestamp":1512767275634,"event":"shippy_client_received_stateupdate","source":1512767264675,"pkgSize":267136,"numSuccessors":3,"isBroadcast":true,"version":11,"tempID":1512767143955},{"timestamp":1512767276352,"event":"shippy_client_received_stateupdate","source":1512767264675,"pkgSize":1151,"numSuccessors":3,"isBroadcast":false,"version":12,"tempID":1512767143955},{"timestamp":1512767279429,"event":"shippy_client_received_stateupdate","source":1512767264675,"pkgSize":186,"numSuccessors":3,"isBroadcast":false,"version":13,"tempID":1512767143955},{"timestamp":1512767281223,"event":"shippy_client_received_stateupdate","source":1512767264675,"pkgSize":1130,"numSuccessors":3,"isBroadcast":false,"version":14,"tempID":1512767143955},{"timestamp":1512767281835,"event":"shippy_client_received_stateupdate","source":1512767264675,"pkgSize":267150,"numSuccessors":4,"isBroadcast":true,"version":14,"tempID":1512767143955},{"timestamp":1512767283445,"event":"shippy_client_received_stateupdate","source":1512767264675,"pkgSize":16511,"numSuccessors":4,"isBroadcast":false,"version":15,"tempID":1512767143955},{"timestamp":1512767291576,"event":"shippy_become_client_begin","source":1512767143955},{"timestamp":1512767291578,"event":"shippy_become_client_end","source":1512767264675},{"timestamp":1512767296592,"event":"shippy_become_client_begin","source":1512767143955},{"timestamp":1512767296595,"event":"shippy_become_client_end","source":1512767264675},{"timestamp":1512767303697,"event":"shippy_become_client_begin","source":1512767143955},{"timestamp":1512767303698,"event":"shippy_become_client_end","source":1512767264675},{"timestamp":1512767303766,"event":"shippy_client_received_welcome","source":1512767303722,"from":1512767143955,"pkgSize":26},{"timestamp":1512767303982,"event":"shippy_client_received_stateupdate","source":1512767303722,"pkgSize":283584,"numSuccessors":1,"isBroadcast":true,"version":15,"tempID":1512767143955},{"timestamp":1512767304073,"event":"shippy_client_received_stateupdate","source":1512767303722,"pkgSize":283598,"numSuccessors":2,"isBroadcast":true,"version":15,"tempID":1512767143955},{"timestamp":1512767304155,"event":"shippy_client_received_stateupdate","source":1512767303722,"pkgSize":283612,"numSuccessors":3,"isBroadcast":true,"version":15,"tempID":1512767143955},{"timestamp":1512767311941,"event":"shippy_client_received_stateupdate","source":1512767303722,"pkgSize":283626,"numSuccessors":4,"isBroadcast":true,"version":15,"tempID":1512767143955},{"timestamp":1512767321663,"event":"shippy_become_client_begin","source":1512767143955},{"timestamp":1512767321665,"event":"shippy_become_client_end","source":1512767303722},{"timestamp":1512767326677,"event":"shippy_become_client_begin","source":1512767143955},{"timestamp":1512767326679,"event":"shippy_become_client_end","source":1512767303722},{"timestamp":1512767328955,"event":"shippy_client_call_add","source":1512767303722,"version":15},{"timestamp":1512767331690,"event":"shippy_become_server_begin","source":1512767303722},{"timestamp":1512767332405,"event":"shippy_become_server_end","source":1512767303722},{"timestamp":1512767333656,"event":"shippy_become_client_begin","source":1512767143955},{"timestamp":1512767333658,"event":"shippy_become_client_end","source":1512767303722},{"timestamp":1512767333667,"event":"shippy_server_ws_open","source":1512767303722,"from":1512767333667},{"timestamp":1512767333682,"event":"shippy_client_received_welcome","source":1512767333667,"from":1512767143955,"pkgSize":26},{"timestamp":1512767333684,"event":"shippy_server_ws_open","source":1512767333667,"from":1512767333684},{"timestamp":1512767333725,"event":"shippy_server_received__revealdoublerole","source":1512767333667,"from":1512767333667,"pkgSize":63},{"timestamp":1512767333793,"event":"shippy_server_ws_open","source":1512767333667,"from":1512767333793},{"timestamp":1512767333803,"event":"shippy_server_ws_open","source":1512767333667,"from":1512767333803},{"timestamp":1512767334124,"event":"shippy_server_received_add","source":1512767333667,"from":1512767333684,"pkgSize":4168},{"timestamp":1512767335702,"event":"shippy_server_received_add","source":1512767333667,"from":1512767333684,"pkgSize":76},{"timestamp":1512767338944,"event":"shippy_server_received_remove","source":1512767333667,"from":1512767333803,"pkgSize":135},{"timestamp":1512767340245,"event":"shippy_server_received_add","source":1512767333667,"from":1512767333803,"pkgSize":65604},{"timestamp":1512767365060,"event":"disconnecting","source":1512767333667,"isServer":true}]