[{"timestamp":1512767041945,"event":"shippy_become_client_begin","source":1512767039003},{"timestamp":1512767041946,"event":"shippy_become_client_end","source":null},{"timestamp":1512767042175,"event":"shippy_client_received_welcome","source":1512767040146,"from":1512767039003,"pkgSize":26},{"timestamp":1512767042453,"event":"shippy_client_received_stateupdate","source":1512767040146,"pkgSize":266668,"numSuccessors":5,"isBroadcast":true,"version":7,"tempID":1512767039003},{"timestamp":1512767044511,"event":"shippy_client_received_stateupdate","source":1512767040146,"pkgSize":184,"numSuccessors":5,"isBroadcast":false,"version":8,"tempID":1512767039003},{"timestamp":1512767067011,"event":"shippy_become_client_begin","source":1512767039003},{"timestamp":1512767067012,"event":"shippy_become_client_end","source":1512767040146},{"timestamp":1512767072011,"event":"shippy_become_client_begin","source":1512767039003},{"timestamp":1512767072011,"event":"shippy_become_client_end","source":1512767040146},{"timestamp":1512767079828,"event":"shippy_become_client_begin","source":1512767039003},{"timestamp":1512767079828,"event":"shippy_become_client_end","source":1512767040146},{"timestamp":1512767080405,"event":"shippy_client_received_welcome","source":1512767078091,"from":1512767039003,"pkgSize":26},{"timestamp":1512767080626,"event":"shippy_client_received_stateupdate","source":1512767078091,"pkgSize":266804,"numSuccessors":4,"isBroadcast":true,"version":8,"tempID":1512767039003},{"timestamp":1512767087040,"event":"shippy_become_client_begin","source":1512767039003},{"timestamp":1512767087040,"event":"shippy_become_client_end","source":1512767078091},{"timestamp":1512767092053,"event":"shippy_become_client_begin","source":1512767039003},{"timestamp":1512767092054,"event":"shippy_become_client_end","source":1512767078091},{"timestamp":1512767100012,"event":"shippy_become_client_begin","source":1512767039003},{"timestamp":1512767100013,"event":"shippy_become_client_end","source":1512767078091},{"timestamp":1512767100226,"event":"shippy_client_received_welcome","source":1512767098163,"from":1512767039003,"pkgSize":26},{"timestamp":1512767100390,"event":"shippy_client_received_stateupdate","source":1512767098163,"pkgSize":266790,"numSuccessors":3,"isBroadcast":true,"version":8,"tempID":1512767039003},{"timestamp":1512767110205,"event":"shippy_client_received_stateupdate","source":1512767098163,"pkgSize":126,"numSuccessors":3,"isBroadcast":false,"version":9,"tempID":1512767039003},{"timestamp":1512767113289,"event":"shippy_client_received_stateupdate","source":1512767098163,"pkgSize":364,"numSuccessors":3,"isBroadcast":false,"version":10,"tempID":1512767039003},{"timestamp":1512767117313,"event":"shippy_client_received_stateupdate","source":1512767098163,"pkgSize":380,"numSuccessors":3,"isBroadcast":false,"version":11,"tempID":1512767039003},{"timestamp":1512767148500,"event":"shippy_client_received_stateupdate","source":1512767098163,"pkgSize":267150,"numSuccessors":4,"isBroadcast":true,"version":11,"tempID":1512767039003},{"timestamp":1512767152191,"event":"shippy_become_client_begin","source":1512767039003},{"timestamp":1512767152192,"event":"shippy_become_client_end","source":1512767098163},{"timestamp":1512767157197,"event":"shippy_become_client_begin","source":1512767039003},{"timestamp":1512767157198,"event":"shippy_become_client_end","source":1512767098163},{"timestamp":1512767165233,"event":"shippy_become_client_begin","source":1512767039003},{"timestamp":1512767165233,"event":"shippy_become_client_end","source":1512767098163},{"timestamp":1512767165590,"event":"shippy_client_received_welcome","source":1512767163518,"from":1512767039003,"pkgSize":26},{"timestamp":1512767165823,"event":"shippy_client_received_stateupdate","source":1512767163518,"pkgSize":267136,"numSuccessors":3,"isBroadcast":true,"version":11,"tempID":1512767039003},{"timestamp":1512767177235,"event":"shippy_become_client_begin","source":1512767039003},{"timestamp":1512767177236,"event":"shippy_become_client_end","source":1512767163518},{"timestamp":1512767182253,"event":"shippy_become_client_begin","source":1512767039003},{"timestamp":1512767182254,"event":"shippy_become_client_end","source":1512767163518},{"timestamp":1512767189241,"event":"shippy_become_client_begin","source":1512767039003},{"timestamp":1512767189242,"event":"shippy_become_client_end","source":1512767163518},{"timestamp":1512767189389,"event":"shippy_client_received_welcome","source":1512767189285,"from":1512767039003,"pkgSize":26},{"timestamp":1512767189393,"event":"shippy_client_received_stateupdate","source":1512767189285,"pkgSize":267108,"numSuccessors":1,"isBroadcast":true,"version":11,"tempID":1512767039003},{"timestamp":1512767189508,"event":"shippy_client_received_stateupdate","source":1512767189285,"pkgSize":267122,"numSuccessors":2,"isBroadcast":true,"version":11,"tempID":1512767039003},{"timestamp":1512767243576,"event":"shippy_client_received_stateupdate","source":1512767189285,"pkgSize":267136,"numSuccessors":3,"isBroadcast":true,"version":11,"tempID":1512767039003},{"timestamp":1512767252382,"event":"shippy_become_client_begin","source":1512767039003},{"timestamp":1512767252383,"event":"shippy_become_client_end","source":1512767189285},{"timestamp":1512767257386,"event":"shippy_become_client_begin","source":1512767039003},{"timestamp":1512767257387,"event":"shippy_become_client_end","source":1512767189285},{"timestamp":1512767262396,"event":"shippy_become_server_begin","source":1512767189285},{"timestamp":1512767263156,"event":"shippy_become_server_end","source":1512767189285},{"timestamp":1512767264420,"event":"shippy_become_client_begin","source":1512767039003},{"timestamp":1512767264421,"event":"shippy_become_client_end","source":1512767189285},{"timestamp":1512767264424,"event":"shippy_server_ws_open","source":1512767189285,"from":1512767264424},{"timestamp":1512767264434,"event":"shippy_client_received_welcome","source":1512767264424,"from":1512767039003,"pkgSize":26},{"timestamp":1512767264454,"event":"shippy_server_received__revealdoublerole","source":1512767264424,"from":1512767264424,"pkgSize":63},{"timestamp":1512767264567,"event":"shippy_server_ws_open","source":1512767264424,"from":1512767264567},{"timestamp":1512767264675,"event":"shippy_server_ws_open","source":1512767264424,"from":1512767264675},{"timestamp":1512767277479,"event":"shippy_server_ws_open","source":1512767264424,"from":1512767277479},{"timestamp":1512767278346,"event":"shippy_server_received_add","source":1512767264424,"from":1512767264567,"pkgSize":1101},{"timestamp":1512767281149,"event":"shippy_client_call_add","source":1512767264424,"version":12},{"timestamp":1512767281154,"event":"shippy_server_received_add","source":1512767264424,"from":1512767264424,"pkgSize":136},{"timestamp":1512767283223,"event":"shippy_client_call_remove","source":1512767264424,"version":13},{"timestamp":1512767283227,"event":"shippy_server_received_remove","source":1512767264424,"from":1512767264424,"pkgSize":1099},{"timestamp":1512767283588,"event":"shippy_server_ws_open","source":1512767264424,"from":1512767283588},{"timestamp":1512767285274,"event":"shippy_server_received_add","source":1512767264424,"from":1512767264567,"pkgSize":16461},{"timestamp":1512767289978,"event":"disconnecting","source":1512767264424,"isServer":true}]