[{"timestamp":1512766926666,"event":"shippy_become_client_begin","source":1512766925259},{"timestamp":1512766926667,"event":"shippy_become_client_end","source":null},{"timestamp":1512766926838,"event":"shippy_become_client_begin","source":1512766925259},{"timestamp":1512766926838,"event":"shippy_become_client_end","source":null},{"timestamp":1512766926940,"event":"shippy_client_received_welcome","source":1512766926912,"from":1512766925259,"pkgSize":26},{"timestamp":1512766926942,"event":"shippy_client_received_stateupdate","source":1512766926912,"pkgSize":4280,"numSuccessors":4,"isBroadcast":true,"version":5,"tempID":1512766925259},{"timestamp":1512766927009,"event":"shippy_client_received_stateupdate","source":1512766926912,"pkgSize":4294,"numSuccessors":5,"isBroadcast":true,"version":5,"tempID":1512766925259},{"timestamp":1512766927012,"event":"shippy_client_received_welcome","source":1512766926968,"from":1512766925259,"pkgSize":26},{"timestamp":1512766927013,"event":"shippy_client_received_stateupdate","source":1512766926968,"pkgSize":4294,"numSuccessors":5,"isBroadcast":true,"version":5,"tempID":1512766925259},{"timestamp":1512766932361,"event":"shippy_client_received_stateupdate","source":1512766926968,"pkgSize":262261,"numSuccessors":5,"isBroadcast":false,"version":6,"tempID":1512766925259},{"timestamp":1512766932380,"event":"shippy_client_received_stateupdate","source":1512766926968,"pkgSize":262261,"numSuccessors":5,"isBroadcast":false,"version":6,"tempID":1512766925259},{"timestamp":1512766934924,"event":"shippy_client_call_add","source":1512766926968,"version":6},{"timestamp":1512766934942,"event":"shippy_client_received_stateupdate","source":1512766926968,"pkgSize":180,"numSuccessors":5,"isBroadcast":false,"version":7,"tempID":1512766925259},{"timestamp":1512766934951,"event":"shippy_client_received_stateupdate","source":1512766926968,"pkgSize":181,"numSuccessors":5,"isBroadcast":false,"version":7,"tempID":1512766925259},{"timestamp":1512766941697,"event":"shippy_become_client_begin","source":1512766925259},{"timestamp":1512766941698,"event":"shippy_become_client_end","source":1512766926968},{"timestamp":1512766946708,"event":"shippy_become_client_begin","source":1512766925259},{"timestamp":1512766946709,"event":"shippy_become_client_end","source":1512766926968},{"timestamp":1512766954705,"event":"shippy_become_client_begin","source":1512766925259},{"timestamp":1512766954706,"event":"shippy_become_client_end","source":1512766926968},{"timestamp":1512766954812,"event":"shippy_client_received_welcome","source":1512766952759,"from":1512766925259,"pkgSize":26},{"timestamp":1512766955038,"event":"shippy_client_received_stateupdate","source":1512766952759,"pkgSize":266640,"numSuccessors":3,"isBroadcast":true,"version":7,"tempID":1512766925259},{"timestamp":1512766964546,"event":"disconnecting","source":1512766952759,"isServer":false}]