[{"timestamp":1512767572695,"event":"shippy_become_client_begin","source":1512767570700},{"timestamp":1512767572696,"event":"shippy_become_client_end","source":null},{"timestamp":1512767572719,"event":"shippy_client_received_welcome","source":1512767572703,"from":1512767570700,"pkgSize":26},{"timestamp":1512767572721,"event":"shippy_client_received_stateupdate","source":1512767572703,"pkgSize":105,"numSuccessors":4,"isBroadcast":true,"version":3,"tempID":1512767570700},{"timestamp":1512767582728,"event":"shippy_become_client_begin","source":1512767570700},{"timestamp":1512767582729,"event":"shippy_become_client_end","source":1512767572703},{"timestamp":1512767587745,"event":"shippy_become_client_begin","source":1512767570700},{"timestamp":1512767587745,"event":"shippy_become_client_end","source":1512767572703},{"timestamp":1512767594802,"event":"shippy_become_client_begin","source":1512767570700},{"timestamp":1512767594802,"event":"shippy_become_client_end","source":1512767572703},{"timestamp":1512767595654,"event":"shippy_client_received_welcome","source":1512767595144,"from":1512767570700,"pkgSize":26},{"timestamp":1512767595656,"event":"shippy_client_received_stateupdate","source":1512767595144,"pkgSize":105,"numSuccessors":4,"isBroadcast":true,"version":3,"tempID":1512767570700},{"timestamp":1512767595979,"event":"shippy_client_received_stateupdate","source":1512767595144,"pkgSize":91,"numSuccessors":3,"isBroadcast":true,"version":3,"tempID":1512767570700},{"timestamp":1512767595983,"event":"shippy_client_received_stateupdate","source":1512767595144,"pkgSize":91,"numSuccessors":3,"isBroadcast":true,"version":3,"tempID":1512767570700},{"timestamp":1512767595993,"event":"shippy_client_received_stateupdate","source":1512767595144,"pkgSize":105,"numSuccessors":4,"isBroadcast":true,"version":3,"tempID":1512767570700},{"timestamp":1512767596966,"event":"shippy_client_received_stateupdate","source":1512767595144,"pkgSize":367,"numSuccessors":4,"isBroadcast":false,"version":4,"tempID":1512767570700},{"timestamp":1512767599249,"event":"shippy_client_call_add","source":1512767595144,"version":4},{"timestamp":1512767599259,"event":"shippy_client_received_stateupdate","source":1512767595144,"pkgSize":138,"numSuccessors":4,"isBroadcast":false,"version":5,"tempID":1512767570700},{"timestamp":1512767599309,"event":"shippy_client_received_stateupdate","source":1512767595144,"pkgSize":114,"numSuccessors":4,"isBroadcast":false,"version":6,"tempID":1512767570700},{"timestamp":1512767603857,"event":"shippy_client_received_stateupdate","source":1512767595144,"pkgSize":122,"numSuccessors":4,"isBroadcast":false,"version":7,"tempID":1512767570700},{"timestamp":1512767617864,"event":"shippy_client_received_stateupdate","source":1512767595144,"pkgSize":644,"numSuccessors":5,"isBroadcast":true,"version":7,"tempID":1512767570700},{"timestamp":1512767618915,"event":"disconnecting","source":1512767595144,"isServer":false}]