[{"timestamp":1512766294055,"event":"shippy_become_client_begin","source":1512766292934},{"timestamp":1512766294056,"event":"shippy_become_client_end","source":null},{"timestamp":1512766294080,"event":"shippy_client_received_welcome","source":1512766296080,"from":1512766292934,"pkgSize":26},{"timestamp":1512766294081,"event":"shippy_client_received_stateupdate","source":1512766296080,"pkgSize":859,"numSuccessors":3,"isBroadcast":true,"version":3,"tempID":1512766292934},{"timestamp":1512766299720,"event":"shippy_client_received_stateupdate","source":1512766296080,"pkgSize":845,"numSuccessors":2,"isBroadcast":true,"version":3,"tempID":1512766292934},{"timestamp":1512766339174,"event":"shippy_client_received_stateupdate","source":1512766296080,"pkgSize":859,"numSuccessors":3,"isBroadcast":true,"version":3,"tempID":1512766292934},{"timestamp":1512766341662,"event":"disconnecting","source":1512766296080,"isServer":false}]