[{"timestamp":1512767277474,"event":"shippy_become_client_begin","source":1512767273455},{"timestamp":1512767277475,"event":"shippy_become_client_end","source":null},{"timestamp":1512767277534,"event":"shippy_client_received_welcome","source":1512767277479,"from":1512767273455,"pkgSize":26},{"timestamp":1512767277576,"event":"shippy_client_received_stateupdate","source":1512767277479,"pkgSize":267136,"numSuccessors":3,"isBroadcast":true,"version":11,"tempID":1512767273455},{"timestamp":1512767278363,"event":"shippy_client_received_stateupdate","source":1512767277479,"pkgSize":1151,"numSuccessors":3,"isBroadcast":false,"version":12,"tempID":1512767273455},{"timestamp":1512767281161,"event":"shippy_client_received_stateupdate","source":1512767277479,"pkgSize":186,"numSuccessors":3,"isBroadcast":false,"version":13,"tempID":1512767273455},{"timestamp":1512767283239,"event":"shippy_client_received_stateupdate","source":1512767277479,"pkgSize":1130,"numSuccessors":3,"isBroadcast":false,"version":14,"tempID":1512767273455},{"timestamp":1512767283693,"event":"shippy_client_received_stateupdate","source":1512767277479,"pkgSize":267150,"numSuccessors":4,"isBroadcast":true,"version":14,"tempID":1512767273455},{"timestamp":1512767285299,"event":"shippy_client_received_stateupdate","source":1512767277479,"pkgSize":16511,"numSuccessors":4,"isBroadcast":false,"version":15,"tempID":1512767273455},{"timestamp":1512767292529,"event":"shippy_become_client_begin","source":1512767273455},{"timestamp":1512767292530,"event":"shippy_become_client_end","source":1512767277479},{"timestamp":1512767297537,"event":"shippy_become_client_begin","source":1512767273455},{"timestamp":1512767297538,"event":"shippy_become_client_end","source":1512767277479},{"timestamp":1512767305726,"event":"shippy_become_client_begin","source":1512767273455},{"timestamp":1512767305727,"event":"shippy_become_client_end","source":1512767277479},{"timestamp":1512767305840,"event":"shippy_client_received_welcome","source":1512767303728,"from":1512767273455,"pkgSize":26},{"timestamp":1512767306005,"event":"shippy_client_received_stateupdate","source":1512767303728,"pkgSize":283598,"numSuccessors":2,"isBroadcast":true,"version":15,"tempID":1512767273455},{"timestamp":1512767306121,"event":"shippy_client_received_stateupdate","source":1512767303728,"pkgSize":283612,"numSuccessors":3,"isBroadcast":true,"version":15,"tempID":1512767273455},{"timestamp":1512767313952,"event":"shippy_client_received_stateupdate","source":1512767303728,"pkgSize":283626,"numSuccessors":4,"isBroadcast":true,"version":15,"tempID":1512767273455},{"timestamp":1512767322582,"event":"shippy_become_client_begin","source":1512767273455},{"timestamp":1512767322583,"event":"shippy_become_client_end","source":1512767303728},{"timestamp":1512767327592,"event":"shippy_become_client_begin","source":1512767273455},{"timestamp":1512767327592,"event":"shippy_become_client_end","source":1512767303728},{"timestamp":1512767335688,"event":"shippy_become_client_begin","source":1512767273455},{"timestamp":1512767335689,"event":"shippy_become_client_end","source":1512767303728},{"timestamp":1512767336073,"event":"shippy_client_received_welcome","source":1512767333803,"from":1512767273455,"pkgSize":26},{"timestamp":1512767336233,"event":"shippy_client_received_stateupdate","source":1512767333803,"pkgSize":283612,"numSuccessors":3,"isBroadcast":true,"version":15,"tempID":1512767273455},{"timestamp":1512767336239,"event":"shippy_client_received_stateupdate","source":1512767333803,"pkgSize":4218,"numSuccessors":3,"isBroadcast":false,"version":16,"tempID":1512767273455},{"timestamp":1512767337727,"event":"shippy_client_received_stateupdate","source":1512767333803,"pkgSize":126,"numSuccessors":3,"isBroadcast":false,"version":17,"tempID":1512767273455},{"timestamp":1512767340928,"event":"shippy_client_call_remove","source":1512767333803,"version":17},{"timestamp":1512767341074,"event":"shippy_client_received_stateupdate","source":1512767333803,"pkgSize":165,"numSuccessors":3,"isBroadcast":false,"version":18,"tempID":1512767273455},{"timestamp":1512767342209,"event":"shippy_client_call_add","source":1512767333803,"version":18},{"timestamp":1512767342302,"event":"shippy_client_received_stateupdate","source":1512767333803,"pkgSize":65653,"numSuccessors":3,"isBroadcast":false,"version":19,"tempID":1512767273455},{"timestamp":1512767367680,"event":"shippy_become_client_begin","source":1512767273455},{"timestamp":1512767367681,"event":"shippy_become_client_end","source":1512767333803},{"timestamp":1512767372694,"event":"shippy_become_client_begin","source":1512767273455},{"timestamp":1512767372695,"event":"shippy_become_client_end","source":1512767333803},{"timestamp":1512767377708,"event":"shippy_become_client_begin","source":1512767273455},{"timestamp":1512767377709,"event":"shippy_become_client_end","source":1512767333803},{"timestamp":1512767380799,"event":"shippy_become_client_begin","source":1512767273455},{"timestamp":1512767380801,"event":"shippy_become_client_end","source":1512767333803},{"timestamp":1512767381152,"event":"shippy_client_received_welcome","source":1512767378881,"from":1512767273455,"pkgSize":26},{"timestamp":1512767381243,"event":"shippy_client_received_stateupdate","source":1512767378881,"pkgSize":353382,"numSuccessors":2,"isBroadcast":true,"version":19,"tempID":1512767273455},{"timestamp":1512767385410,"event":"shippy_client_received_stateupdate","source":1512767378881,"pkgSize":1151,"numSuccessors":2,"isBroadcast":false,"version":20,"tempID":1512767273455},{"timestamp":1512767394265,"event":"shippy_client_received_stateupdate","source":1512767378881,"pkgSize":354494,"numSuccessors":3,"isBroadcast":true,"version":20,"tempID":1512767273455},{"timestamp":1512767424086,"event":"shippy_client_received_stateupdate","source":1512767378881,"pkgSize":354480,"numSuccessors":2,"isBroadcast":true,"version":20,"tempID":1512767273455},{"timestamp":1512767429431,"event":"shippy_client_received_stateupdate","source":1512767378881,"pkgSize":354494,"numSuccessors":3,"isBroadcast":true,"version":20,"tempID":1512767273455},{"timestamp":1512767439205,"event":"disconnecting","source":1512767378881,"isServer":false}]