[{"timestamp":1512767622304,"event":"shippy_become_client_begin","source":1512767619858},{"timestamp":1512767622305,"event":"shippy_become_client_end","source":null},{"timestamp":1512767627315,"event":"shippy_become_client_begin","source":1512767619858},{"timestamp":1512767627316,"event":"shippy_become_client_end","source":null},{"timestamp":1512767634376,"event":"shippy_become_client_begin","source":1512767619858},{"timestamp":1512767634377,"event":"shippy_become_client_end","source":null},{"timestamp":1512767634400,"event":"shippy_client_received_welcome","source":1512767634389,"from":1512767619858,"pkgSize":26},{"timestamp":1512767634402,"event":"shippy_client_received_stateupdate","source":1512767634389,"pkgSize":602,"numSuccessors":2,"isBroadcast":true,"version":7,"tempID":1512767619858},{"timestamp":1512767634434,"event":"shippy_client_received_stateupdate","source":1512767634389,"pkgSize":588,"numSuccessors":1,"isBroadcast":true,"version":7,"tempID":1512767619858},{"timestamp":1512767634440,"event":"shippy_client_received_stateupdate","source":1512767634389,"pkgSize":588,"numSuccessors":1,"isBroadcast":true,"version":7,"tempID":1512767619858},{"timestamp":1512767634492,"event":"shippy_client_received_stateupdate","source":1512767634389,"pkgSize":602,"numSuccessors":2,"isBroadcast":true,"version":7,"tempID":1512767619858},{"timestamp":1512767634509,"event":"shippy_client_received_stateupdate","source":1512767634389,"pkgSize":616,"numSuccessors":3,"isBroadcast":true,"version":7,"tempID":1512767619858},{"timestamp":1512767634519,"event":"shippy_client_received_stateupdate","source":1512767634389,"pkgSize":630,"numSuccessors":4,"isBroadcast":true,"version":7,"tempID":1512767619858},{"timestamp":1512767637343,"event":"shippy_become_client_begin","source":1512767619858},{"timestamp":1512767637343,"event":"shippy_become_client_end","source":1512767634389},{"timestamp":1512767642357,"event":"shippy_become_client_begin","source":1512767619858},{"timestamp":1512767642358,"event":"shippy_become_client_end","source":1512767634389},{"timestamp":1512767647366,"event":"shippy_become_server_begin","source":1512767634389},{"timestamp":1512767647952,"event":"shippy_become_server_end","source":1512767634389},{"timestamp":1512767649222,"event":"shippy_become_client_begin","source":1512767619858},{"timestamp":1512767649223,"event":"shippy_become_client_end","source":1512767634389},{"timestamp":1512767649226,"event":"shippy_server_ws_open","source":1512767634389,"from":1512767649226},{"timestamp":1512767649236,"event":"shippy_client_received_welcome","source":1512767649226,"from":1512767619858,"pkgSize":26},{"timestamp":1512767649241,"event":"shippy_server_received__revealdoublerole","source":1512767649226,"from":1512767649226,"pkgSize":63},{"timestamp":1512767649257,"event":"shippy_server_ws_open","source":1512767649226,"from":1512767649257},{"timestamp":1512767649286,"event":"shippy_server_ws_open","source":1512767649226,"from":1512767649286},{"timestamp":1512767649309,"event":"shippy_server_ws_open","source":1512767649226,"from":1512767649309},{"timestamp":1512767672520,"event":"shippy_server_ws_open","source":1512767649226,"from":1512767672520},{"timestamp":1512767683329,"event":"disconnecting","source":1512767649226,"isServer":true}]