[{"timestamp":1512766224992,"event":"shippy_become_client_begin","source":1512766222980},{"timestamp":1512766224993,"event":"shippy_become_client_end","source":null},{"timestamp":1512766225126,"event":"shippy_client_received_welcome","source":1512766223107,"from":1512766222980,"pkgSize":26},{"timestamp":1512766225128,"event":"shippy_client_received_stateupdate","source":1512766223107,"pkgSize":63,"numSuccessors":1,"isBroadcast":true,"version":0,"tempID":1512766222980},{"timestamp":1512766234828,"event":"shippy_client_received_stateupdate","source":1512766223107,"pkgSize":376,"numSuccessors":1,"isBroadcast":false,"version":1,"tempID":1512766222980},{"timestamp":1512766238890,"event":"shippy_client_call_add","source":1512766223107,"version":1},{"timestamp":1512766238921,"event":"shippy_client_received_stateupdate","source":1512766223107,"pkgSize":121,"numSuccessors":1,"isBroadcast":false,"version":2,"tempID":1512766222980},{"timestamp":1512766242625,"event":"shippy_client_received_stateupdate","source":1512766223107,"pkgSize":506,"numSuccessors":2,"isBroadcast":true,"version":2,"tempID":1512766222980},{"timestamp":1512766246611,"event":"shippy_client_received_stateupdate","source":1512766223107,"pkgSize":373,"numSuccessors":2,"isBroadcast":false,"version":3,"tempID":1512766222980},{"timestamp":1512766250997,"event":"shippy_client_received_stateupdate","source":1512766223107,"pkgSize":859,"numSuccessors":3,"isBroadcast":true,"version":3,"tempID":1512766222980},{"timestamp":1512766255040,"event":"shippy_become_client_begin","source":1512766222980},{"timestamp":1512766255041,"event":"shippy_become_client_end","source":1512766223107},{"timestamp":1512766260050,"event":"shippy_become_client_begin","source":1512766222980},{"timestamp":1512766260052,"event":"shippy_become_client_end","source":1512766223107},{"timestamp":1512766265059,"event":"shippy_become_server_begin","source":1512766223107},{"timestamp":1512766265669,"event":"shippy_become_server_end","source":1512766223107},{"timestamp":1512766267001,"event":"shippy_become_client_begin","source":1512766222980},{"timestamp":1512766267002,"event":"shippy_become_client_end","source":1512766223107},{"timestamp":1512766267177,"event":"shippy_server_ws_open","source":1512766223107,"from":1512766267177},{"timestamp":1512766267196,"event":"shippy_client_received_welcome","source":1512766267177,"from":1512766222980,"pkgSize":26},{"timestamp":1512766267370,"event":"shippy_server_received__revealdoublerole","source":1512766267177,"from":1512766267177,"pkgSize":63},{"timestamp":1512766268116,"event":"shippy_server_ws_open","source":1512766267177,"from":1512766268115},{"timestamp":1512766268117,"event":"shippy_server_ws_open","source":1512766267177,"from":1512766268117},{"timestamp":1512766280125,"event":"shippy_server_ws_open","source":1512766267177,"from":1512766280125},{"timestamp":1512766287732,"event":"shippy_server_ws_close","source":1512766267177,"from":1512766268117},{"timestamp":1512766296080,"event":"shippy_server_ws_open","source":1512766267177,"from":1512766296080},{"timestamp":1512766301716,"event":"shippy_server_ws_close","source":1512766267177,"from":1512766268115},{"timestamp":1512766341178,"event":"shippy_server_ws_open","source":1512766267177,"from":1512766341178},{"timestamp":1512766343991,"event":"shippy_server_ws_close","source":1512766267177,"from":1512766296080},{"timestamp":1512766349407,"event":"disconnecting","source":1512766267177,"isServer":true}]