[{"timestamp":1512766564804,"event":"shippy_become_client_begin","source":1512766561263},{"timestamp":1512766564805,"event":"shippy_become_client_end","source":null},{"timestamp":1512766564829,"event":"shippy_client_received_welcome","source":1512766564817,"from":1512766561263,"pkgSize":26},{"timestamp":1512766564833,"event":"shippy_client_received_stateupdate","source":1512766564817,"pkgSize":2137,"numSuccessors":3,"isBroadcast":true,"version":7,"tempID":1512766561263},{"timestamp":1512766574831,"event":"shippy_become_client_begin","source":1512766561263},{"timestamp":1512766574831,"event":"shippy_become_client_end","source":1512766564817},{"timestamp":1512766579839,"event":"shippy_become_client_begin","source":1512766561263},{"timestamp":1512766579840,"event":"shippy_become_client_end","source":1512766564817},{"timestamp":1512766584849,"event":"shippy_become_client_begin","source":1512766561263},{"timestamp":1512766584850,"event":"shippy_become_client_end","source":1512766564817},{"timestamp":1512766589860,"event":"shippy_become_client_begin","source":1512766561263},{"timestamp":1512766589860,"event":"shippy_become_client_end","source":1512766564817},{"timestamp":1512766594868,"event":"shippy_become_client_begin","source":1512766561263},{"timestamp":1512766594869,"event":"shippy_become_client_end","source":1512766564817},{"timestamp":1512766599882,"event":"shippy_become_client_begin","source":1512766561263},{"timestamp":1512766599883,"event":"shippy_become_client_end","source":1512766564817},{"timestamp":1512766604891,"event":"shippy_become_client_begin","source":1512766561263},{"timestamp":1512766604891,"event":"shippy_become_client_end","source":1512766564817},{"timestamp":1512766609899,"event":"shippy_become_client_begin","source":1512766561263},{"timestamp":1512766609899,"event":"shippy_become_client_end","source":1512766564817},{"timestamp":1512766614913,"event":"shippy_become_client_begin","source":1512766561263},{"timestamp":1512766614914,"event":"shippy_become_client_end","source":1512766564817},{"timestamp":1512766619928,"event":"shippy_become_client_begin","source":1512766561263},{"timestamp":1512766619929,"event":"shippy_become_client_end","source":1512766564817},{"timestamp":1512766624942,"event":"shippy_become_client_begin","source":1512766561263},{"timestamp":1512766624943,"event":"shippy_become_client_end","source":1512766564817},{"timestamp":1512766630811,"event":"shippy_become_client_begin","source":1512766561263},{"timestamp":1512766630812,"event":"shippy_become_client_end","source":1512766564817},{"timestamp":1512766630826,"event":"shippy_client_received_welcome","source":1512766630817,"from":1512766561263,"pkgSize":26},{"timestamp":1512766630827,"event":"shippy_client_received_stateupdate","source":1512766630817,"pkgSize":2109,"numSuccessors":1,"isBroadcast":true,"version":7,"tempID":1512766561263},{"timestamp":1512766630846,"event":"shippy_client_received_stateupdate","source":1512766630817,"pkgSize":2123,"numSuccessors":2,"isBroadcast":true,"version":7,"tempID":1512766561263},{"timestamp":1512766630874,"event":"shippy_client_received_stateupdate","source":1512766630817,"pkgSize":2109,"numSuccessors":1,"isBroadcast":true,"version":7,"tempID":1512766561263},{"timestamp":1512766630877,"event":"shippy_client_received_stateupdate","source":1512766630817,"pkgSize":2109,"numSuccessors":1,"isBroadcast":true,"version":7,"tempID":1512766561263},{"timestamp":1512766631991,"event":"shippy_client_received_stateupdate","source":1512766630817,"pkgSize":2123,"numSuccessors":2,"isBroadcast":true,"version":7,"tempID":1512766561263},{"timestamp":1512766650167,"event":"shippy_client_received_stateupdate","source":1512766630817,"pkgSize":2137,"numSuccessors":3,"isBroadcast":true,"version":7,"tempID":1512766561263},{"timestamp":1512766650316,"event":"shippy_client_received_stateupdate","source":1512766630817,"pkgSize":2151,"numSuccessors":4,"isBroadcast":true,"version":7,"tempID":1512766561263},{"timestamp":1512766650378,"event":"shippy_client_received_stateupdate","source":1512766630817,"pkgSize":2137,"numSuccessors":3,"isBroadcast":true,"version":7,"tempID":1512766561263},{"timestamp":1512766650380,"event":"shippy_client_received_stateupdate","source":1512766630817,"pkgSize":2137,"numSuccessors":3,"isBroadcast":true,"version":7,"tempID":1512766561263},{"timestamp":1512766652149,"event":"shippy_client_received_stateupdate","source":1512766630817,"pkgSize":2123,"numSuccessors":2,"isBroadcast":true,"version":7,"tempID":1512766561263},{"timestamp":1512766652681,"event":"disconnecting","source":1512766630817,"isServer":false}]