[{"timestamp":1512767708095,"event":"shippy_become_client_begin","source":1512767707924},{"timestamp":1512767708097,"event":"shippy_become_client_end","source":null},{"timestamp":1512767708116,"event":"shippy_client_received_welcome","source":1512767708109,"from":1512767707924,"pkgSize":26},{"timestamp":1512767708118,"event":"shippy_client_received_stateupdate","source":1512767708109,"pkgSize":630,"numSuccessors":4,"isBroadcast":true,"version":7,"tempID":1512767707924},{"timestamp":1512767715375,"event":"shippy_client_received_stateupdate","source":1512767708109,"pkgSize":616,"numSuccessors":3,"isBroadcast":true,"version":7,"tempID":1512767707924},{"timestamp":1512767722756,"event":"shippy_client_received_stateupdate","source":1512767708109,"pkgSize":602,"numSuccessors":2,"isBroadcast":true,"version":7,"tempID":1512767707924},{"timestamp":1512767737694,"event":"disconnecting","source":1512767708109,"isServer":false}]