[{"timestamp":1512767030876,"event":"shippy_become_client_begin","source":1512767028451},{"timestamp":1512767030877,"event":"shippy_become_client_end","source":null},{"timestamp":1512767030896,"event":"shippy_client_received_welcome","source":1512767030882,"from":1512767028451,"pkgSize":26},{"timestamp":1512767030988,"event":"shippy_client_received_stateupdate","source":1512767030882,"pkgSize":266654,"numSuccessors":4,"isBroadcast":true,"version":7,"tempID":1512767028451},{"timestamp":1512767040327,"event":"shippy_client_received_stateupdate","source":1512767030882,"pkgSize":266668,"numSuccessors":5,"isBroadcast":true,"version":7,"tempID":1512767028451},{"timestamp":1512767042506,"event":"shippy_client_received_stateupdate","source":1512767030882,"pkgSize":184,"numSuccessors":5,"isBroadcast":false,"version":8,"tempID":1512767028451},{"timestamp":1512767066008,"event":"shippy_become_client_begin","source":1512767028451},{"timestamp":1512767066009,"event":"shippy_become_client_end","source":1512767030882},{"timestamp":1512767071018,"event":"shippy_become_client_begin","source":1512767028451},{"timestamp":1512767071018,"event":"shippy_become_client_end","source":1512767030882},{"timestamp":1512767077806,"event":"shippy_become_client_begin","source":1512767028451},{"timestamp":1512767077807,"event":"shippy_become_client_end","source":1512767030882},{"timestamp":1512767077980,"event":"shippy_client_received_welcome","source":1512767077888,"from":1512767028451,"pkgSize":26},{"timestamp":1512767078067,"event":"shippy_client_received_stateupdate","source":1512767077888,"pkgSize":266762,"numSuccessors":1,"isBroadcast":true,"version":8,"tempID":1512767028451},{"timestamp":1512767078121,"event":"shippy_client_received_stateupdate","source":1512767077888,"pkgSize":266776,"numSuccessors":2,"isBroadcast":true,"version":8,"tempID":1512767028451},{"timestamp":1512767078424,"event":"shippy_client_received_stateupdate","source":1512767077888,"pkgSize":266790,"numSuccessors":3,"isBroadcast":true,"version":8,"tempID":1512767028451},{"timestamp":1512767078484,"event":"shippy_client_received_stateupdate","source":1512767077888,"pkgSize":266804,"numSuccessors":4,"isBroadcast":true,"version":8,"tempID":1512767028451},{"timestamp":1512767086060,"event":"shippy_become_client_begin","source":1512767028451},{"timestamp":1512767086061,"event":"shippy_become_client_end","source":1512767077888},{"timestamp":1512767091070,"event":"shippy_become_client_begin","source":1512767028451},{"timestamp":1512767091071,"event":"shippy_become_client_end","source":1512767077888},{"timestamp":1512767096080,"event":"shippy_become_server_begin","source":1512767077888},{"timestamp":1512767096669,"event":"shippy_become_server_end","source":1512767077888},{"timestamp":1512767097925,"event":"shippy_become_client_begin","source":1512767028451},{"timestamp":1512767097926,"event":"shippy_become_client_end","source":1512767077888},{"timestamp":1512767097929,"event":"shippy_server_ws_open","source":1512767077888,"from":1512767097929},{"timestamp":1512767097934,"event":"shippy_client_received_welcome","source":1512767097929,"from":1512767028451,"pkgSize":26},{"timestamp":1512767097935,"event":"shippy_server_ws_open","source":1512767097929,"from":1512767097935},{"timestamp":1512767098001,"event":"shippy_server_received__revealdoublerole","source":1512767097929,"from":1512767097929,"pkgSize":63},{"timestamp":1512767098096,"event":"shippy_server_ws_open","source":1512767097929,"from":1512767098096},{"timestamp":1512767098163,"event":"shippy_server_ws_open","source":1512767097929,"from":1512767098163},{"timestamp":1512767108176,"event":"shippy_client_call_remove","source":1512767097929,"version":8},{"timestamp":1512767108178,"event":"shippy_server_received_remove","source":1512767097929,"from":1512767097929,"pkgSize":96},{"timestamp":1512767111262,"event":"shippy_server_received_remove","source":1512767097929,"from":1512767098096,"pkgSize":333},{"timestamp":1512767115271,"event":"shippy_server_received_add","source":1512767097929,"from":1512767098096,"pkgSize":330},{"timestamp":1512767146280,"event":"shippy_server_ws_open","source":1512767097929,"from":1512767146280},{"timestamp":1512767149159,"event":"disconnecting","source":1512767097929,"isServer":true}]