[{"timestamp":1512766534735,"event":"shippy_become_client_begin","source":1512766532098},{"timestamp":1512766534735,"event":"shippy_become_client_end","source":null},{"timestamp":1512766534805,"event":"shippy_client_received_welcome","source":1512766534758,"from":1512766532098,"pkgSize":26},{"timestamp":1512766534807,"event":"shippy_client_received_stateupdate","source":1512766534758,"pkgSize":2123,"numSuccessors":2,"isBroadcast":true,"version":7,"tempID":1512766532098},{"timestamp":1512766542957,"event":"shippy_client_received_stateupdate","source":1512766534758,"pkgSize":2109,"numSuccessors":1,"isBroadcast":true,"version":7,"tempID":1512766532098},{"timestamp":1512766559360,"event":"shippy_client_received_stateupdate","source":1512766534758,"pkgSize":2123,"numSuccessors":2,"isBroadcast":true,"version":7,"tempID":1512766532098},{"timestamp":1512766564830,"event":"shippy_client_received_stateupdate","source":1512766534758,"pkgSize":2137,"numSuccessors":3,"isBroadcast":true,"version":7,"tempID":1512766532098},{"timestamp":1512766574834,"event":"shippy_become_client_begin","source":1512766532098},{"timestamp":1512766574834,"event":"shippy_become_client_end","source":1512766534758},{"timestamp":1512766579842,"event":"shippy_become_client_begin","source":1512766532098},{"timestamp":1512766579843,"event":"shippy_become_client_end","source":1512766534758},{"timestamp":1512766584851,"event":"shippy_become_client_begin","source":1512766532098},{"timestamp":1512766584852,"event":"shippy_become_client_end","source":1512766534758},{"timestamp":1512766589861,"event":"shippy_become_client_begin","source":1512766532098},{"timestamp":1512766589861,"event":"shippy_become_client_end","source":1512766534758},{"timestamp":1512766594870,"event":"shippy_become_client_begin","source":1512766532098},{"timestamp":1512766594871,"event":"shippy_become_client_end","source":1512766534758},{"timestamp":1512766599884,"event":"shippy_become_client_begin","source":1512766532098},{"timestamp":1512766599885,"event":"shippy_become_client_end","source":1512766534758},{"timestamp":1512766604892,"event":"shippy_become_client_begin","source":1512766532098},{"timestamp":1512766604893,"event":"shippy_become_client_end","source":1512766534758},{"timestamp":1512766609902,"event":"shippy_become_client_begin","source":1512766532098},{"timestamp":1512766609903,"event":"shippy_become_client_end","source":1512766534758},{"timestamp":1512766614916,"event":"shippy_become_client_begin","source":1512766532098},{"timestamp":1512766614918,"event":"shippy_become_client_end","source":1512766534758},{"timestamp":1512766619931,"event":"shippy_become_client_begin","source":1512766532098},{"timestamp":1512766619932,"event":"shippy_become_client_end","source":1512766534758},{"timestamp":1512766624944,"event":"shippy_become_client_begin","source":1512766532098},{"timestamp":1512766624945,"event":"shippy_become_client_end","source":1512766534758},{"timestamp":1512766629953,"event":"shippy_become_server_begin","source":1512766534758},{"timestamp":1512766630559,"event":"shippy_become_server_end","source":1512766534758},{"timestamp":1512766630813,"event":"shippy_become_client_begin","source":1512766532098},{"timestamp":1512766630814,"event":"shippy_become_client_end","source":1512766534758},{"timestamp":1512766630817,"event":"shippy_server_ws_open","source":1512766534758,"from":1512766630817},{"timestamp":1512766630832,"event":"shippy_server_ws_open","source":1512766534758,"from":1512766630832},{"timestamp":1512766630840,"event":"shippy_client_received_welcome","source":1512766630832,"from":1512766532098,"pkgSize":26},{"timestamp":1512766630870,"event":"shippy_server_received__revealdoublerole","source":1512766630832,"from":1512766630832,"pkgSize":63},{"timestamp":1512766631977,"event":"shippy_server_ws_open","source":1512766630832,"from":1512766631977},{"timestamp":1512766650013,"event":"shippy_become_client_begin","source":1512766532098},{"timestamp":1512766650014,"event":"shippy_become_client_end","source":1512766630832},{"timestamp":1512766650129,"event":"shippy_become_client_begin","source":1512766532098},{"timestamp":1512766650132,"event":"shippy_become_client_end","source":1512766630832},{"timestamp":1512766650144,"event":"shippy_server_ws_open","source":1512766630832,"from":1512766650144},{"timestamp":1512766650188,"event":"shippy_client_received_welcome","source":1512766650144,"from":1512766532098,"pkgSize":26},{"timestamp":1512766650303,"event":"shippy_server_ws_open","source":1512766650144,"from":1512766650303},{"timestamp":1512766650335,"event":"shippy_client_received_welcome","source":1512766650303,"from":1512766532098,"pkgSize":26},{"timestamp":1512766650370,"event":"shippy_server_received__revealdoublerole","source":1512766650303,"from":1512766650303,"pkgSize":63},{"timestamp":1512766651673,"event":"disconnecting","source":1512766650303,"isServer":true}]