[{"timestamp":1512767241450,"event":"shippy_become_client_begin","source":1512767238751},{"timestamp":1512767241451,"event":"shippy_become_client_end","source":null},{"timestamp":1512767241477,"event":"shippy_client_received_welcome","source":1512767243485,"from":1512767238751,"pkgSize":26},{"timestamp":1512767241625,"event":"shippy_client_received_stateupdate","source":1512767243485,"pkgSize":267136,"numSuccessors":3,"isBroadcast":true,"version":11,"tempID":1512767238751},{"timestamp":1512767246458,"event":"shippy_become_client_begin","source":1512767238751},{"timestamp":1512767246459,"event":"shippy_become_client_end","source":1512767243485},{"timestamp":1512767246565,"event":"shippy_become_client_begin","source":1512767238751},{"timestamp":1512767246566,"event":"shippy_become_client_end","source":1512767243485},{"timestamp":1512767251468,"event":"shippy_become_client_begin","source":1512767238751},{"timestamp":1512767251469,"event":"shippy_become_client_end","source":1512767243485},{"timestamp":1512767262539,"event":"shippy_become_client_begin","source":1512767238751},{"timestamp":1512767262540,"event":"shippy_become_client_end","source":1512767243485},{"timestamp":1512767262562,"event":"shippy_client_received_welcome","source":1512767264567,"from":1512767238751,"pkgSize":26},{"timestamp":1512767262670,"event":"shippy_client_received_stateupdate","source":1512767264567,"pkgSize":267108,"numSuccessors":1,"isBroadcast":true,"version":11,"tempID":1512767238751},{"timestamp":1512767262773,"event":"shippy_client_received_stateupdate","source":1512767264567,"pkgSize":267122,"numSuccessors":2,"isBroadcast":true,"version":11,"tempID":1512767238751},{"timestamp":1512767275606,"event":"shippy_client_received_stateupdate","source":1512767264567,"pkgSize":267136,"numSuccessors":3,"isBroadcast":true,"version":11,"tempID":1512767238751},{"timestamp":1512767276327,"event":"shippy_client_call_add","source":1512767264567,"version":11},{"timestamp":1512767276338,"event":"shippy_client_received_stateupdate","source":1512767264567,"pkgSize":1150,"numSuccessors":3,"isBroadcast":false,"version":12,"tempID":1512767238751},{"timestamp":1512767279144,"event":"shippy_client_received_stateupdate","source":1512767264567,"pkgSize":186,"numSuccessors":3,"isBroadcast":false,"version":13,"tempID":1512767238751},{"timestamp":1512767281217,"event":"shippy_client_received_stateupdate","source":1512767264567,"pkgSize":1130,"numSuccessors":3,"isBroadcast":false,"version":14,"tempID":1512767238751},{"timestamp":1512767281712,"event":"shippy_client_received_stateupdate","source":1512767264567,"pkgSize":267150,"numSuccessors":4,"isBroadcast":true,"version":14,"tempID":1512767238751},{"timestamp":1512767283249,"event":"shippy_client_call_add","source":1512767264567,"version":14},{"timestamp":1512767283281,"event":"shippy_client_received_stateupdate","source":1512767264567,"pkgSize":16510,"numSuccessors":4,"isBroadcast":false,"version":15,"tempID":1512767238751},{"timestamp":1512767291560,"event":"shippy_become_client_begin","source":1512767238751},{"timestamp":1512767291561,"event":"shippy_become_client_end","source":1512767264567},{"timestamp":1512767296564,"event":"shippy_become_client_begin","source":1512767238751},{"timestamp":1512767296565,"event":"shippy_become_client_end","source":1512767264567},{"timestamp":1512767301576,"event":"shippy_become_server_begin","source":1512767264567},{"timestamp":1512767302280,"event":"shippy_become_server_end","source":1512767264567},{"timestamp":1512767303542,"event":"shippy_become_client_begin","source":1512767238751},{"timestamp":1512767303543,"event":"shippy_become_client_end","source":1512767264567},{"timestamp":1512767303546,"event":"shippy_server_ws_open","source":1512767264567,"from":1512767303546},{"timestamp":1512767303552,"event":"shippy_client_received_welcome","source":1512767303546,"from":1512767238751,"pkgSize":26},{"timestamp":1512767303574,"event":"shippy_server_received__revealdoublerole","source":1512767303546,"from":1512767303546,"pkgSize":63},{"timestamp":1512767303722,"event":"shippy_server_ws_open","source":1512767303546,"from":1512767303722},{"timestamp":1512767303728,"event":"shippy_server_ws_open","source":1512767303546,"from":1512767303728},{"timestamp":1512767303833,"event":"shippy_server_ws_open","source":1512767303546,"from":1512767303833},{"timestamp":1512767311605,"event":"shippy_server_ws_open","source":1512767303546,"from":1512767311605},{"timestamp":1512767319708,"event":"disconnecting","source":1512767303546,"isServer":true}]