[{"timestamp":1512766910571,"event":"shippy_become_client_begin","source":1512766909406},{"timestamp":1512766910572,"event":"shippy_become_client_end","source":null},{"timestamp":1512766910595,"event":"shippy_client_received_welcome","source":1512766912601,"from":1512766909406,"pkgSize":26},{"timestamp":1512766910599,"event":"shippy_client_received_stateupdate","source":1512766912601,"pkgSize":4266,"numSuccessors":3,"isBroadcast":true,"version":5,"tempID":1512766909406},{"timestamp":1512766924915,"event":"shippy_client_received_stateupdate","source":1512766912601,"pkgSize":4280,"numSuccessors":4,"isBroadcast":true,"version":5,"tempID":1512766909406},{"timestamp":1512766924969,"event":"shippy_client_received_stateupdate","source":1512766912601,"pkgSize":4294,"numSuccessors":5,"isBroadcast":true,"version":5,"tempID":1512766909406},{"timestamp":1512766930690,"event":"shippy_client_received_stateupdate","source":1512766912601,"pkgSize":262261,"numSuccessors":5,"isBroadcast":false,"version":6,"tempID":1512766909406},{"timestamp":1512766932929,"event":"shippy_client_received_stateupdate","source":1512766912601,"pkgSize":181,"numSuccessors":5,"isBroadcast":false,"version":7,"tempID":1512766909406},{"timestamp":1512766940638,"event":"shippy_become_client_begin","source":1512766909406},{"timestamp":1512766940639,"event":"shippy_become_client_end","source":1512766912601},{"timestamp":1512766945651,"event":"shippy_become_client_begin","source":1512766909406},{"timestamp":1512766945651,"event":"shippy_become_client_end","source":1512766912601},{"timestamp":1512766952513,"event":"shippy_become_client_begin","source":1512766909406},{"timestamp":1512766952514,"event":"shippy_become_client_end","source":1512766912601},{"timestamp":1512766952591,"event":"shippy_client_received_welcome","source":1512766952523,"from":1512766909406,"pkgSize":26},{"timestamp":1512766952594,"event":"shippy_client_received_stateupdate","source":1512766952523,"pkgSize":266626,"numSuccessors":2,"isBroadcast":true,"version":7,"tempID":1512766909406},{"timestamp":1512766952679,"event":"shippy_client_received_stateupdate","source":1512766952523,"pkgSize":266612,"numSuccessors":1,"isBroadcast":true,"version":7,"tempID":1512766909406},{"timestamp":1512766952686,"event":"shippy_client_received_stateupdate","source":1512766952523,"pkgSize":266612,"numSuccessors":1,"isBroadcast":true,"version":7,"tempID":1512766909406},{"timestamp":1512766952791,"event":"shippy_client_received_stateupdate","source":1512766952523,"pkgSize":266626,"numSuccessors":2,"isBroadcast":true,"version":7,"tempID":1512766909406},{"timestamp":1512766952850,"event":"shippy_client_received_stateupdate","source":1512766952523,"pkgSize":266640,"numSuccessors":3,"isBroadcast":true,"version":7,"tempID":1512766909406},{"timestamp":1512766962992,"event":"shippy_client_received_stateupdate","source":1512766952523,"pkgSize":266626,"numSuccessors":2,"isBroadcast":true,"version":7,"tempID":1512766909406},{"timestamp":1512766975712,"event":"shippy_become_client_begin","source":1512766909406},{"timestamp":1512766975713,"event":"shippy_become_client_end","source":1512766952523},{"timestamp":1512766980728,"event":"shippy_become_client_begin","source":1512766909406},{"timestamp":1512766980729,"event":"shippy_become_client_end","source":1512766952523},{"timestamp":1512766985739,"event":"shippy_become_server_begin","source":1512766952523},{"timestamp":1512766986299,"event":"shippy_become_server_end","source":1512766952523},{"timestamp":1512766987567,"event":"shippy_become_client_begin","source":1512766909406},{"timestamp":1512766987568,"event":"shippy_become_client_end","source":1512766952523},{"timestamp":1512766987574,"event":"shippy_server_ws_open","source":1512766952523,"from":1512766987574},{"timestamp":1512766987585,"event":"shippy_client_received_welcome","source":1512766987574,"from":1512766909406,"pkgSize":26},{"timestamp":1512766987588,"event":"shippy_server_ws_open","source":1512766987574,"from":1512766987588},{"timestamp":1512766987651,"event":"shippy_server_received__revealdoublerole","source":1512766987574,"from":1512766987574,"pkgSize":63},{"timestamp":1512767000770,"event":"shippy_server_ws_open","source":1512766987574,"from":1512767000770},{"timestamp":1512767019935,"event":"shippy_server_ws_open","source":1512766987574,"from":1512767019935},{"timestamp":1512767030882,"event":"shippy_server_ws_open","source":1512766987574,"from":1512767030882},{"timestamp":1512767040146,"event":"shippy_server_ws_open","source":1512766987574,"from":1512767040146},{"timestamp":1512767042473,"event":"shippy_client_call_add","source":1512766987574,"version":7},{"timestamp":1512767042477,"event":"shippy_server_received_add","source":1512766987574,"from":1512766987574,"pkgSize":135},{"timestamp":1512767062723,"event":"disconnecting","source":1512766987574,"isServer":true}]