[{"timestamp":1512763828585,"event":"shippy_become_client_begin","source":1512763828200},{"timestamp":1512763828587,"event":"shippy_become_client_end","source":null},{"timestamp":1512763828944,"event":"shippy_become_client_begin","source":1512763828200},{"timestamp":1512763828946,"event":"shippy_become_client_end","source":null},{"timestamp":1512763829220,"event":"shippy_client_received_welcome","source":1512763829184,"from":1512763828200,"pkgSize":26},{"timestamp":1512763829225,"event":"shippy_client_received_stateupdate","source":1512763829184,"pkgSize":135,"numSuccessors":1,"isBroadcast":true,"version":1,"tempID":1512763828200},{"timestamp":1512763829319,"event":"shippy_client_received_stateupdate","source":1512763829184,"pkgSize":149,"numSuccessors":2,"isBroadcast":true,"version":1,"tempID":1512763828200},{"timestamp":1512763829330,"event":"shippy_client_received_welcome","source":1512763829305,"from":1512763828200,"pkgSize":26},{"timestamp":1512763829337,"event":"shippy_client_received_stateupdate","source":1512763829305,"pkgSize":149,"numSuccessors":2,"isBroadcast":true,"version":1,"tempID":1512763828200},{"timestamp":1512763852110,"event":"shippy_client_call_add","source":1512763829305,"version":1},{"timestamp":1512763852136,"event":"shippy_client_received_stateupdate","source":1512763829305,"pkgSize":109,"numSuccessors":2,"isBroadcast":false,"version":2,"tempID":1512763828200},{"timestamp":1512763852153,"event":"shippy_client_received_stateupdate","source":1512763829305,"pkgSize":110,"numSuccessors":2,"isBroadcast":false,"version":2,"tempID":1512763828200},{"timestamp":1512763854579,"event":"shippy_client_call_add","source":1512763829305,"version":2},{"timestamp":1512763854591,"event":"shippy_client_received_stateupdate","source":1512763829305,"pkgSize":109,"numSuccessors":2,"isBroadcast":false,"version":3,"tempID":1512763828200},{"timestamp":1512763854598,"event":"shippy_client_received_stateupdate","source":1512763829305,"pkgSize":110,"numSuccessors":2,"isBroadcast":false,"version":3,"tempID":1512763828200},{"timestamp":1512763861013,"event":"shippy_client_received_stateupdate","source":1512763829305,"pkgSize":107,"numSuccessors":2,"isBroadcast":false,"version":4,"tempID":1512763828200},{"timestamp":1512763861024,"event":"shippy_client_received_stateupdate","source":1512763829305,"pkgSize":107,"numSuccessors":2,"isBroadcast":false,"version":4,"tempID":1512763828200},{"timestamp":1512763868759,"event":"shippy_become_client_begin","source":1512763828200},{"timestamp":1512763868760,"event":"shippy_become_client_end","source":1512763829305},{"timestamp":1512763873770,"event":"shippy_become_client_begin","source":1512763828200},{"timestamp":1512763873772,"event":"shippy_become_client_end","source":1512763829305},{"timestamp":1512763928862,"event":"shippy_client_prune_successor","source":1512763829305},{"timestamp":1512763933870,"event":"shippy_become_server_begin","source":1512763829305},{"timestamp":1512763934475,"event":"shippy_become_server_end","source":1512763829305},{"timestamp":1512763934727,"event":"shippy_become_client_begin","source":1512763828200},{"timestamp":1512763934728,"event":"shippy_become_client_end","source":1512763829305},{"timestamp":1512763934735,"event":"shippy_server_ws_open","source":1512763829305,"from":1512763934735},{"timestamp":1512763934742,"event":"shippy_client_received_welcome","source":1512763934735,"from":1512763828200,"pkgSize":26},{"timestamp":1512763934750,"event":"shippy_server_received__revealdoublerole","source":1512763934735,"from":1512763934735,"pkgSize":63},{"timestamp":1512765999733,"event":"shippy_server_ws_open","source":1512763934735,"from":1512765999733},{"timestamp":1512766040045,"event":"shippy_server_ws_close","source":1512763934735,"from":1512765999733},{"timestamp":1512766079801,"event":"disconnecting","source":1512763934735,"isServer":true}]