[{"timestamp":1512766856508,"event":"shippy_become_client_begin","source":1512766854700},{"timestamp":1512766856509,"event":"shippy_become_client_end","source":null},{"timestamp":1512766856553,"event":"shippy_client_received_welcome","source":1512766854514,"from":1512766854700,"pkgSize":26},{"timestamp":1512766857241,"event":"shippy_client_received_stateupdate","source":1512766854514,"pkgSize":1048750,"numSuccessors":3,"isBroadcast":true,"version":1,"tempID":1512766854700},{"timestamp":1512766861691,"event":"shippy_become_client_begin","source":1512766854700},{"timestamp":1512766861693,"event":"shippy_become_client_end","source":1512766854514},{"timestamp":1512766866417,"event":"shippy_client_call_add","source":1512766854514,"version":1},{"timestamp":1512766866532,"event":"shippy_become_client_begin","source":1512766854700},{"timestamp":1512766866534,"event":"shippy_become_client_end","source":1512766854514},{"timestamp":1512766873393,"event":"shippy_become_client_begin","source":1512766854700},{"timestamp":1512766873394,"event":"shippy_become_client_end","source":1512766854514},{"timestamp":1512766873448,"event":"shippy_client_received_welcome","source":1512766873404,"from":1512766854700,"pkgSize":26},{"timestamp":1512766874008,"event":"shippy_client_received_stateupdate","source":1512766873404,"pkgSize":1048722,"numSuccessors":1,"isBroadcast":true,"version":1,"tempID":1512766854700},{"timestamp":1512766874042,"event":"shippy_client_received_stateupdate","source":1512766873404,"pkgSize":1048736,"numSuccessors":2,"isBroadcast":true,"version":1,"tempID":1512766854700},{"timestamp":1512766874069,"event":"shippy_client_received_stateupdate","source":1512766873404,"pkgSize":1048750,"numSuccessors":3,"isBroadcast":true,"version":1,"tempID":1512766854700},{"timestamp":1512766874764,"event":"shippy_client_received_stateupdate","source":1512766873404,"pkgSize":1048736,"numSuccessors":2,"isBroadcast":true,"version":1,"tempID":1512766854700},{"timestamp":1512766874807,"event":"shippy_client_received_stateupdate","source":1512766873404,"pkgSize":1048736,"numSuccessors":2,"isBroadcast":true,"version":1,"tempID":1512766854700},{"timestamp":1512766877897,"event":"shippy_client_received_stateupdate","source":1512766873404,"pkgSize":1048750,"numSuccessors":3,"isBroadcast":true,"version":1,"tempID":1512766854700},{"timestamp":1512766878715,"event":"shippy_client_received_stateupdate","source":1512766873404,"pkgSize":4210,"numSuccessors":3,"isBroadcast":false,"version":2,"tempID":1512766854700},{"timestamp":1512766880399,"event":"shippy_client_received_stateupdate","source":1512766873404,"pkgSize":262267,"numSuccessors":3,"isBroadcast":false,"version":3,"tempID":1512766854700},{"timestamp":1512766880470,"event":"shippy_client_received_stateupdate","source":1512766873404,"pkgSize":127,"numSuccessors":3,"isBroadcast":false,"version":4,"tempID":1512766854700},{"timestamp":1512766883954,"event":"shippy_client_call_remove","source":1512766873404,"version":4},{"timestamp":1512766883964,"event":"shippy_client_received_stateupdate","source":1512766873404,"pkgSize":116,"numSuccessors":3,"isBroadcast":false,"version":5,"tempID":1512766854700},{"timestamp":1512766891583,"event":"shippy_become_client_begin","source":1512766854700},{"timestamp":1512766891583,"event":"shippy_become_client_end","source":1512766873404},{"timestamp":1512766896595,"event":"shippy_become_client_begin","source":1512766854700},{"timestamp":1512766896596,"event":"shippy_become_client_end","source":1512766873404},{"timestamp":1512766901614,"event":"shippy_become_server_begin","source":1512766873404},{"timestamp":1512766902236,"event":"shippy_become_server_end","source":1512766873404},{"timestamp":1512766903495,"event":"shippy_become_client_begin","source":1512766854700},{"timestamp":1512766903496,"event":"shippy_become_client_end","source":1512766873404},{"timestamp":1512766903503,"event":"shippy_server_ws_open","source":1512766873404,"from":1512766903503},{"timestamp":1512766903524,"event":"shippy_server_ws_open","source":1512766873404,"from":1512766903524},{"timestamp":1512766903526,"event":"shippy_client_received_welcome","source":1512766903503,"from":1512766854700,"pkgSize":26},{"timestamp":1512766903533,"event":"shippy_server_ws_open","source":1512766903503,"from":1512766903533},{"timestamp":1512766903534,"event":"shippy_server_received__revealdoublerole","source":1512766903503,"from":1512766903503,"pkgSize":63},{"timestamp":1512766912601,"event":"shippy_server_ws_open","source":1512766903503,"from":1512766912601},{"timestamp":1512766926912,"event":"shippy_server_ws_open","source":1512766903503,"from":1512766926912},{"timestamp":1512766926968,"event":"shippy_server_ws_open","source":1512766903503,"from":1512766926968},{"timestamp":1512766932161,"event":"shippy_client_call_add","source":1512766903503,"version":5},{"timestamp":1512766932218,"event":"shippy_server_received_add","source":1512766903503,"from":1512766903503,"pkgSize":262212},{"timestamp":1512766934928,"event":"shippy_server_received_add","source":1512766903503,"from":1512766926968,"pkgSize":132},{"timestamp":1512766940677,"event":"disconnecting","source":1512766903503,"isServer":true}]