[{"timestamp":1512766845258,"event":"shippy_become_client_begin","source":1512766841512},{"timestamp":1512766845259,"event":"shippy_become_client_end","source":null},{"timestamp":1512766845294,"event":"shippy_client_received_welcome","source":1512766845264,"from":1512766841512,"pkgSize":26},{"timestamp":1512766845564,"event":"shippy_client_received_stateupdate","source":1512766845264,"pkgSize":1048736,"numSuccessors":2,"isBroadcast":true,"version":1,"tempID":1512766841512},{"timestamp":1512766854867,"event":"shippy_client_received_stateupdate","source":1512766845264,"pkgSize":1048750,"numSuccessors":3,"isBroadcast":true,"version":1,"tempID":1512766841512},{"timestamp":1512766860306,"event":"shippy_become_client_begin","source":1512766841512},{"timestamp":1512766860307,"event":"shippy_become_client_end","source":1512766845264},{"timestamp":1512766865321,"event":"shippy_become_client_begin","source":1512766841512},{"timestamp":1512766865322,"event":"shippy_become_client_end","source":1512766845264},{"timestamp":1512766871374,"event":"shippy_become_client_begin","source":1512766841512},{"timestamp":1512766871375,"event":"shippy_become_client_end","source":1512766845264},{"timestamp":1512766871674,"event":"shippy_client_received_welcome","source":1512766873452,"from":1512766841512,"pkgSize":26},{"timestamp":1512766872101,"event":"shippy_client_received_stateupdate","source":1512766873452,"pkgSize":1048736,"numSuccessors":2,"isBroadcast":true,"version":1,"tempID":1512766841512},{"timestamp":1512766872200,"event":"shippy_client_received_stateupdate","source":1512766873452,"pkgSize":1048750,"numSuccessors":3,"isBroadcast":true,"version":1,"tempID":1512766841512},{"timestamp":1512766872995,"event":"shippy_client_received_stateupdate","source":1512766873452,"pkgSize":1048736,"numSuccessors":2,"isBroadcast":true,"version":1,"tempID":1512766841512},{"timestamp":1512766873066,"event":"shippy_client_received_stateupdate","source":1512766873452,"pkgSize":1048736,"numSuccessors":2,"isBroadcast":true,"version":1,"tempID":1512766841512},{"timestamp":1512766876038,"event":"shippy_client_received_stateupdate","source":1512766873452,"pkgSize":1048750,"numSuccessors":3,"isBroadcast":true,"version":1,"tempID":1512766841512},{"timestamp":1512766876680,"event":"shippy_client_call_add","source":1512766873452,"version":1},{"timestamp":1512766876700,"event":"shippy_client_received_stateupdate","source":1512766873452,"pkgSize":4209,"numSuccessors":3,"isBroadcast":false,"version":2,"tempID":1512766841512},{"timestamp":1512766878567,"event":"shippy_client_received_stateupdate","source":1512766873452,"pkgSize":262267,"numSuccessors":3,"isBroadcast":false,"version":3,"tempID":1512766841512},{"timestamp":1512766878573,"event":"shippy_client_received_stateupdate","source":1512766873452,"pkgSize":127,"numSuccessors":3,"isBroadcast":false,"version":4,"tempID":1512766841512},{"timestamp":1512766881947,"event":"shippy_client_received_stateupdate","source":1512766873452,"pkgSize":117,"numSuccessors":3,"isBroadcast":false,"version":5,"tempID":1512766841512},{"timestamp":1512766890379,"event":"shippy_become_client_begin","source":1512766841512},{"timestamp":1512766890380,"event":"shippy_become_client_end","source":1512766873452},{"timestamp":1512766895393,"event":"shippy_become_client_begin","source":1512766841512},{"timestamp":1512766895394,"event":"shippy_become_client_end","source":1512766873452},{"timestamp":1512766901484,"event":"shippy_become_client_begin","source":1512766841512},{"timestamp":1512766901485,"event":"shippy_become_client_end","source":1512766873452},{"timestamp":1512766901521,"event":"shippy_client_received_welcome","source":1512766903533,"from":1512766841512,"pkgSize":26},{"timestamp":1512766901523,"event":"shippy_client_received_stateupdate","source":1512766903533,"pkgSize":4266,"numSuccessors":3,"isBroadcast":true,"version":5,"tempID":1512766841512},{"timestamp":1512766901526,"event":"shippy_client_received_stateupdate","source":1512766903533,"pkgSize":4252,"numSuccessors":2,"isBroadcast":true,"version":5,"tempID":1512766841512},{"timestamp":1512766901528,"event":"shippy_client_received_stateupdate","source":1512766903533,"pkgSize":4252,"numSuccessors":2,"isBroadcast":true,"version":5,"tempID":1512766841512},{"timestamp":1512766910592,"event":"shippy_client_received_stateupdate","source":1512766903533,"pkgSize":4266,"numSuccessors":3,"isBroadcast":true,"version":5,"tempID":1512766841512},{"timestamp":1512766925045,"event":"shippy_client_received_stateupdate","source":1512766903533,"pkgSize":4280,"numSuccessors":4,"isBroadcast":true,"version":5,"tempID":1512766841512},{"timestamp":1512766925051,"event":"shippy_client_received_stateupdate","source":1512766903533,"pkgSize":4294,"numSuccessors":5,"isBroadcast":true,"version":5,"tempID":1512766841512},{"timestamp":1512766930459,"event":"shippy_client_received_stateupdate","source":1512766903533,"pkgSize":262261,"numSuccessors":5,"isBroadcast":false,"version":6,"tempID":1512766841512},{"timestamp":1512766932917,"event":"shippy_client_received_stateupdate","source":1512766903533,"pkgSize":181,"numSuccessors":5,"isBroadcast":false,"version":7,"tempID":1512766841512},{"timestamp":1512766940489,"event":"shippy_become_client_begin","source":1512766841512},{"timestamp":1512766940490,"event":"shippy_become_client_end","source":1512766903533},{"timestamp":1512766945503,"event":"shippy_become_client_begin","source":1512766841512},{"timestamp":1512766945504,"event":"shippy_become_client_end","source":1512766903533},{"timestamp":1512766952672,"event":"shippy_become_client_begin","source":1512766841512},{"timestamp":1512766952673,"event":"shippy_become_client_end","source":1512766903533},{"timestamp":1512766952702,"event":"shippy_client_received_welcome","source":1512766952695,"from":1512766841512,"pkgSize":26},{"timestamp":1512766952857,"event":"shippy_client_received_stateupdate","source":1512766952695,"pkgSize":266626,"numSuccessors":2,"isBroadcast":true,"version":7,"tempID":1512766841512},{"timestamp":1512766952908,"event":"shippy_client_received_stateupdate","source":1512766952695,"pkgSize":266640,"numSuccessors":3,"isBroadcast":true,"version":7,"tempID":1512766841512},{"timestamp":1512766963154,"event":"shippy_client_received_stateupdate","source":1512766952695,"pkgSize":266626,"numSuccessors":2,"isBroadcast":true,"version":7,"tempID":1512766841512},{"timestamp":1512766975588,"event":"shippy_become_client_begin","source":1512766841512},{"timestamp":1512766975589,"event":"shippy_become_client_end","source":1512766952695},{"timestamp":1512766980619,"event":"shippy_become_client_begin","source":1512766841512},{"timestamp":1512766980620,"event":"shippy_become_client_end","source":1512766952695},{"timestamp":1512766987557,"event":"shippy_become_client_begin","source":1512766841512},{"timestamp":1512766987559,"event":"shippy_become_client_end","source":1512766952695},{"timestamp":1512766987643,"event":"shippy_client_received_welcome","source":1512766987588,"from":1512766841512,"pkgSize":26},{"timestamp":1512766987750,"event":"shippy_client_received_stateupdate","source":1512766987588,"pkgSize":266626,"numSuccessors":2,"isBroadcast":true,"version":7,"tempID":1512766841512},{"timestamp":1512766987830,"event":"shippy_client_received_stateupdate","source":1512766987588,"pkgSize":266612,"numSuccessors":1,"isBroadcast":true,"version":7,"tempID":1512766841512},{"timestamp":1512766987889,"event":"shippy_client_received_stateupdate","source":1512766987588,"pkgSize":266612,"numSuccessors":1,"isBroadcast":true,"version":7,"tempID":1512766841512},{"timestamp":1512767000874,"event":"shippy_client_received_stateupdate","source":1512766987588,"pkgSize":266626,"numSuccessors":2,"isBroadcast":true,"version":7,"tempID":1512766841512},{"timestamp":1512767020120,"event":"shippy_client_received_stateupdate","source":1512766987588,"pkgSize":266640,"numSuccessors":3,"isBroadcast":true,"version":7,"tempID":1512766841512},{"timestamp":1512767031010,"event":"shippy_client_received_stateupdate","source":1512766987588,"pkgSize":266654,"numSuccessors":4,"isBroadcast":true,"version":7,"tempID":1512766841512},{"timestamp":1512767040377,"event":"shippy_client_received_stateupdate","source":1512766987588,"pkgSize":266668,"numSuccessors":5,"isBroadcast":true,"version":7,"tempID":1512766841512},{"timestamp":1512767042486,"event":"shippy_client_received_stateupdate","source":1512766987588,"pkgSize":184,"numSuccessors":5,"isBroadcast":false,"version":8,"tempID":1512766841512},{"timestamp":1512767065837,"event":"shippy_become_client_begin","source":1512766841512},{"timestamp":1512767065839,"event":"shippy_become_client_end","source":1512766987588},{"timestamp":1512767070846,"event":"shippy_become_client_begin","source":1512766841512},{"timestamp":1512767070848,"event":"shippy_become_client_end","source":1512766987588},{"timestamp":1512767075854,"event":"shippy_become_server_begin","source":1512766987588},{"timestamp":1512767076534,"event":"shippy_become_server_end","source":1512766987588},{"timestamp":1512767077788,"event":"shippy_become_client_begin","source":1512766841512},{"timestamp":1512767077790,"event":"shippy_become_client_end","source":1512766987588},{"timestamp":1512767077799,"event":"shippy_server_ws_open","source":1512766987588,"from":1512767077799},{"timestamp":1512767077809,"event":"shippy_client_received_welcome","source":1512767077799,"from":1512766841512,"pkgSize":26},{"timestamp":1512767077873,"event":"shippy_server_received__revealdoublerole","source":1512767077799,"from":1512767077799,"pkgSize":63},{"timestamp":1512767077888,"event":"shippy_server_ws_open","source":1512767077799,"from":1512767077888},{"timestamp":1512767077893,"event":"shippy_server_ws_open","source":1512767077799,"from":1512767077893},{"timestamp":1512767078081,"event":"shippy_server_ws_open","source":1512767077799,"from":1512767078081},{"timestamp":1512767078091,"event":"shippy_server_ws_open","source":1512767077799,"from":1512767078091},{"timestamp":1512767082480,"event":"disconnecting","source":1512767077799,"isServer":true}]