[{"timestamp":1512766240394,"event":"shippy_become_client_begin","source":1512766236966},{"timestamp":1512766240396,"event":"shippy_become_client_end","source":null},{"timestamp":1512766240611,"event":"shippy_client_received_welcome","source":1512766240607,"from":1512766236966,"pkgSize":26},{"timestamp":1512766240612,"event":"shippy_client_received_stateupdate","source":1512766240607,"pkgSize":506,"numSuccessors":2,"isBroadcast":true,"version":2,"tempID":1512766236966},{"timestamp":1512766244521,"event":"shippy_client_call_add","source":1512766240607,"version":2},{"timestamp":1512766244605,"event":"shippy_client_received_stateupdate","source":1512766240607,"pkgSize":372,"numSuccessors":2,"isBroadcast":false,"version":3,"tempID":1512766236966},{"timestamp":1512766248997,"event":"shippy_client_received_stateupdate","source":1512766240607,"pkgSize":859,"numSuccessors":3,"isBroadcast":true,"version":3,"tempID":1512766236966},{"timestamp":1512766250415,"event":"shippy_become_client_begin","source":1512766236966},{"timestamp":1512766250417,"event":"shippy_become_client_end","source":1512766240607},{"timestamp":1512766255426,"event":"shippy_become_client_begin","source":1512766236966},{"timestamp":1512766255428,"event":"shippy_become_client_end","source":1512766240607},{"timestamp":1512766265928,"event":"shippy_become_client_begin","source":1512766236966},{"timestamp":1512766265930,"event":"shippy_become_client_end","source":1512766240607},{"timestamp":1512766266112,"event":"shippy_client_received_welcome","source":1512766268117,"from":1512766236966,"pkgSize":26},{"timestamp":1512766266116,"event":"shippy_client_received_stateupdate","source":1512766268117,"pkgSize":845,"numSuccessors":2,"isBroadcast":true,"version":3,"tempID":1512766236966},{"timestamp":1512766278288,"event":"shippy_client_received_stateupdate","source":1512766268117,"pkgSize":859,"numSuccessors":3,"isBroadcast":true,"version":3,"tempID":1512766236966},{"timestamp":1512766285384,"event":"disconnecting","source":1512766268117,"isServer":false}]