[{"timestamp":1512767498123,"event":"shippy_become_client_begin","source":1512767497773},{"timestamp":1512767498124,"event":"shippy_become_client_end","source":null},{"timestamp":1512767498147,"event":"shippy_client_received_welcome","source":1512767496119,"from":1512767497773,"pkgSize":26},{"timestamp":1512767498148,"event":"shippy_client_received_stateupdate","source":1512767496119,"pkgSize":77,"numSuccessors":2,"isBroadcast":true,"version":0,"tempID":1512767497773},{"timestamp":1512767502667,"event":"shippy_client_received_stateupdate","source":1512767496119,"pkgSize":118,"numSuccessors":2,"isBroadcast":false,"version":1,"tempID":1512767497773},{"timestamp":1512767504865,"event":"shippy_client_call_add","source":1512767496119,"version":1},{"timestamp":1512767505214,"event":"shippy_client_received_stateupdate","source":1512767496119,"pkgSize":121,"numSuccessors":2,"isBroadcast":false,"version":2,"tempID":1512767497773},{"timestamp":1512767507018,"event":"shippy_client_call_remove","source":1512767496119,"version":2},{"timestamp":1512767507029,"event":"shippy_client_received_stateupdate","source":1512767496119,"pkgSize":105,"numSuccessors":2,"isBroadcast":false,"version":3,"tempID":1512767497773},{"timestamp":1512767519141,"event":"shippy_client_received_stateupdate","source":1512767496119,"pkgSize":91,"numSuccessors":3,"isBroadcast":true,"version":3,"tempID":1512767497773},{"timestamp":1512767524593,"event":"shippy_client_received_stateupdate","source":1512767496119,"pkgSize":105,"numSuccessors":4,"isBroadcast":true,"version":3,"tempID":1512767497773},{"timestamp":1512767533218,"event":"shippy_become_client_begin","source":1512767497773},{"timestamp":1512767533218,"event":"shippy_become_client_end","source":1512767496119},{"timestamp":1512767538227,"event":"shippy_become_client_begin","source":1512767497773},{"timestamp":1512767538228,"event":"shippy_become_client_end","source":1512767496119},{"timestamp":1512767541655,"event":"shippy_become_client_begin","source":1512767497773},{"timestamp":1512767541655,"event":"shippy_become_client_end","source":1512767496119},{"timestamp":1512767541677,"event":"shippy_client_received_welcome","source":1512767539652,"from":1512767497773,"pkgSize":26},{"timestamp":1512767541678,"event":"shippy_client_received_stateupdate","source":1512767539652,"pkgSize":91,"numSuccessors":3,"isBroadcast":true,"version":3,"tempID":1512767497773},{"timestamp":1512767574738,"event":"shippy_client_received_stateupdate","source":1512767539652,"pkgSize":105,"numSuccessors":4,"isBroadcast":true,"version":3,"tempID":1512767497773},{"timestamp":1512767583343,"event":"shippy_become_client_begin","source":1512767497773},{"timestamp":1512767583346,"event":"shippy_become_client_end","source":1512767539652},{"timestamp":1512767588352,"event":"shippy_become_client_begin","source":1512767497773},{"timestamp":1512767588355,"event":"shippy_become_client_end","source":1512767539652},{"timestamp":1512767596750,"event":"shippy_become_client_begin","source":1512767497773},{"timestamp":1512767596752,"event":"shippy_become_client_end","source":1512767539652},{"timestamp":1512767597708,"event":"shippy_client_received_welcome","source":1512767595174,"from":1512767497773,"pkgSize":26},{"timestamp":1512767597714,"event":"shippy_client_received_stateupdate","source":1512767595174,"pkgSize":105,"numSuccessors":4,"isBroadcast":true,"version":3,"tempID":1512767497773},{"timestamp":1512767598989,"event":"shippy_client_received_stateupdate","source":1512767595174,"pkgSize":367,"numSuccessors":4,"isBroadcast":false,"version":4,"tempID":1512767497773},{"timestamp":1512767601294,"event":"shippy_client_received_stateupdate","source":1512767595174,"pkgSize":139,"numSuccessors":4,"isBroadcast":false,"version":5,"tempID":1512767497773},{"timestamp":1512767601355,"event":"shippy_client_received_stateupdate","source":1512767595174,"pkgSize":114,"numSuccessors":4,"isBroadcast":false,"version":6,"tempID":1512767497773},{"timestamp":1512767605779,"event":"shippy_client_call_add","source":1512767595174,"version":6},{"timestamp":1512767605895,"event":"shippy_client_received_stateupdate","source":1512767595174,"pkgSize":121,"numSuccessors":4,"isBroadcast":false,"version":7,"tempID":1512767497773},{"timestamp":1512767619907,"event":"shippy_client_received_stateupdate","source":1512767595174,"pkgSize":644,"numSuccessors":5,"isBroadcast":true,"version":7,"tempID":1512767497773},{"timestamp":1512767621261,"event":"shippy_client_received_stateupdate","source":1512767595174,"pkgSize":630,"numSuccessors":4,"isBroadcast":true,"version":7,"tempID":1512767497773},{"timestamp":1512767623429,"event":"shippy_become_client_begin","source":1512767497773},{"timestamp":1512767623431,"event":"shippy_become_client_end","source":1512767595174},{"timestamp":1512767628442,"event":"shippy_become_client_begin","source":1512767497773},{"timestamp":1512767628444,"event":"shippy_become_client_end","source":1512767595174},{"timestamp":1512767636488,"event":"shippy_become_client_begin","source":1512767497773},{"timestamp":1512767636490,"event":"shippy_become_client_end","source":1512767595174},{"timestamp":1512767636599,"event":"shippy_client_received_welcome","source":1512767634512,"from":1512767497773,"pkgSize":26},{"timestamp":1512767636603,"event":"shippy_client_received_stateupdate","source":1512767634512,"pkgSize":630,"numSuccessors":4,"isBroadcast":true,"version":7,"tempID":1512767497773},{"timestamp":1512767638463,"event":"shippy_become_client_begin","source":1512767497773},{"timestamp":1512767638464,"event":"shippy_become_client_end","source":1512767634512},{"timestamp":1512767643475,"event":"shippy_become_client_begin","source":1512767497773},{"timestamp":1512767643477,"event":"shippy_become_client_end","source":1512767634512},{"timestamp":1512767651289,"event":"shippy_become_client_begin","source":1512767497773},{"timestamp":1512767651291,"event":"shippy_become_client_end","source":1512767634512},{"timestamp":1512767651358,"event":"shippy_client_received_welcome","source":1512767649309,"from":1512767497773,"pkgSize":26},{"timestamp":1512767651365,"event":"shippy_client_received_stateupdate","source":1512767649309,"pkgSize":616,"numSuccessors":3,"isBroadcast":true,"version":7,"tempID":1512767497773},{"timestamp":1512767674560,"event":"shippy_client_received_stateupdate","source":1512767649309,"pkgSize":630,"numSuccessors":4,"isBroadcast":true,"version":7,"tempID":1512767497773},{"timestamp":1512767688569,"event":"shippy_become_client_begin","source":1512767497773},{"timestamp":1512767688571,"event":"shippy_become_client_end","source":1512767649309},{"timestamp":1512767693583,"event":"shippy_become_client_begin","source":1512767497773},{"timestamp":1512767693584,"event":"shippy_become_client_end","source":1512767649309},{"timestamp":1512767701932,"event":"shippy_become_client_begin","source":1512767497773},{"timestamp":1512767701933,"event":"shippy_become_client_end","source":1512767649309},{"timestamp":1512767702023,"event":"shippy_client_received_welcome","source":1512767699972,"from":1512767497773,"pkgSize":26},{"timestamp":1512767702028,"event":"shippy_client_received_stateupdate","source":1512767699972,"pkgSize":616,"numSuccessors":3,"isBroadcast":true,"version":7,"tempID":1512767497773},{"timestamp":1512767710229,"event":"shippy_client_received_stateupdate","source":1512767699972,"pkgSize":630,"numSuccessors":4,"isBroadcast":true,"version":7,"tempID":1512767497773},{"timestamp":1512767717607,"event":"shippy_client_received_stateupdate","source":1512767699972,"pkgSize":616,"numSuccessors":3,"isBroadcast":true,"version":7,"tempID":1512767497773},{"timestamp":1512767724149,"event":"disconnecting","source":1512767699972,"isServer":false}]