[{"timestamp":1512766875509,"event":"shippy_become_client_begin","source":1512766874357},{"timestamp":1512766875510,"event":"shippy_become_client_end","source":null},{"timestamp":1512766875535,"event":"shippy_client_received_welcome","source":1512766877543,"from":1512766874357,"pkgSize":26},{"timestamp":1512766876294,"event":"shippy_client_received_stateupdate","source":1512766877543,"pkgSize":1048750,"numSuccessors":3,"isBroadcast":true,"version":1,"tempID":1512766874357},{"timestamp":1512766876705,"event":"shippy_client_received_stateupdate","source":1512766877543,"pkgSize":4210,"numSuccessors":3,"isBroadcast":false,"version":2,"tempID":1512766874357},{"timestamp":1512766878201,"event":"shippy_client_call_add","source":1512766877543,"version":2},{"timestamp":1512766878426,"event":"shippy_client_call_add","source":1512766877543,"version":2},{"timestamp":1512766878429,"event":"shippy_client_received_stateupdate","source":1512766877543,"pkgSize":262266,"numSuccessors":3,"isBroadcast":false,"version":3,"tempID":1512766874357},{"timestamp":1512766878460,"event":"shippy_client_received_stateupdate","source":1512766877543,"pkgSize":126,"numSuccessors":3,"isBroadcast":false,"version":4,"tempID":1512766874357},{"timestamp":1512766881954,"event":"shippy_client_received_stateupdate","source":1512766877543,"pkgSize":117,"numSuccessors":3,"isBroadcast":false,"version":5,"tempID":1512766874357},{"timestamp":1512766890536,"event":"shippy_become_client_begin","source":1512766874357},{"timestamp":1512766890537,"event":"shippy_become_client_end","source":1512766877543},{"timestamp":1512766895546,"event":"shippy_become_client_begin","source":1512766874357},{"timestamp":1512766895547,"event":"shippy_become_client_end","source":1512766877543},{"timestamp":1512766901488,"event":"shippy_become_client_begin","source":1512766874357},{"timestamp":1512766901489,"event":"shippy_become_client_end","source":1512766877543},{"timestamp":1512766901522,"event":"shippy_client_received_welcome","source":1512766903524,"from":1512766874357,"pkgSize":26},{"timestamp":1512766901522,"event":"shippy_client_received_stateupdate","source":1512766903524,"pkgSize":4252,"numSuccessors":2,"isBroadcast":true,"version":5,"tempID":1512766874357},{"timestamp":1512766901532,"event":"shippy_client_received_stateupdate","source":1512766903524,"pkgSize":4266,"numSuccessors":3,"isBroadcast":true,"version":5,"tempID":1512766874357},{"timestamp":1512766901534,"event":"shippy_client_received_stateupdate","source":1512766903524,"pkgSize":4252,"numSuccessors":2,"isBroadcast":true,"version":5,"tempID":1512766874357},{"timestamp":1512766901536,"event":"shippy_client_received_stateupdate","source":1512766903524,"pkgSize":4252,"numSuccessors":2,"isBroadcast":true,"version":5,"tempID":1512766874357},{"timestamp":1512766910596,"event":"shippy_client_received_stateupdate","source":1512766903524,"pkgSize":4266,"numSuccessors":3,"isBroadcast":true,"version":5,"tempID":1512766874357},{"timestamp":1512766924909,"event":"shippy_client_received_stateupdate","source":1512766903524,"pkgSize":4280,"numSuccessors":4,"isBroadcast":true,"version":5,"tempID":1512766874357},{"timestamp":1512766924965,"event":"shippy_client_received_stateupdate","source":1512766903524,"pkgSize":4294,"numSuccessors":5,"isBroadcast":true,"version":5,"tempID":1512766874357},{"timestamp":1512766930666,"event":"shippy_client_received_stateupdate","source":1512766903524,"pkgSize":262261,"numSuccessors":5,"isBroadcast":false,"version":6,"tempID":1512766874357},{"timestamp":1512766932921,"event":"shippy_client_received_stateupdate","source":1512766903524,"pkgSize":181,"numSuccessors":5,"isBroadcast":false,"version":7,"tempID":1512766874357},{"timestamp":1512766940636,"event":"shippy_become_client_begin","source":1512766874357},{"timestamp":1512766940637,"event":"shippy_become_client_end","source":1512766903524},{"timestamp":1512766945649,"event":"shippy_become_client_begin","source":1512766874357},{"timestamp":1512766945650,"event":"shippy_become_client_end","source":1512766903524},{"timestamp":1512766950655,"event":"shippy_become_server_begin","source":1512766903524},{"timestamp":1512766951249,"event":"shippy_become_server_end","source":1512766903524},{"timestamp":1512766952511,"event":"shippy_become_client_begin","source":1512766874357},{"timestamp":1512766952512,"event":"shippy_become_client_end","source":1512766903524},{"timestamp":1512766952516,"event":"shippy_server_ws_open","source":1512766903524,"from":1512766952516},{"timestamp":1512766952522,"event":"shippy_client_received_welcome","source":1512766952516,"from":1512766874357,"pkgSize":26},{"timestamp":1512766952523,"event":"shippy_server_ws_open","source":1512766952516,"from":1512766952523},{"timestamp":1512766952582,"event":"shippy_server_received__revealdoublerole","source":1512766952516,"from":1512766952516,"pkgSize":63},{"timestamp":1512766952695,"event":"shippy_server_ws_open","source":1512766952516,"from":1512766952695},{"timestamp":1512766952759,"event":"shippy_server_ws_open","source":1512766952516,"from":1512766952759},{"timestamp":1512766962931,"event":"shippy_server_ws_close","source":1512766952516,"from":1512766952759},{"timestamp":1512766973889,"event":"disconnecting","source":1512766952516,"isServer":true}]