[{"timestamp":1512766781327,"event":"shippy_become_client_begin","source":1512766779175},{"timestamp":1512766781328,"event":"shippy_become_client_end","source":null},{"timestamp":1512766781463,"event":"shippy_client_received_welcome","source":1512766779441,"from":1512766779175,"pkgSize":26},{"timestamp":1512766782746,"event":"shippy_client_received_stateupdate","source":1512766779441,"pkgSize":1048820,"numSuccessors":8,"isBroadcast":true,"version":1,"tempID":1512766779175},{"timestamp":1512766791396,"event":"shippy_become_client_begin","source":1512766779175},{"timestamp":1512766791397,"event":"shippy_become_client_end","source":1512766779441},{"timestamp":1512766796409,"event":"shippy_become_client_begin","source":1512766779175},{"timestamp":1512766796410,"event":"shippy_become_client_end","source":1512766779441},{"timestamp":1512766803328,"event":"shippy_become_client_begin","source":1512766779175},{"timestamp":1512766803330,"event":"shippy_become_client_end","source":1512766779441},{"timestamp":1512766804465,"event":"shippy_client_received_welcome","source":1512766803810,"from":1512766779175,"pkgSize":26},{"timestamp":1512766804523,"event":"shippy_client_received_stateupdate","source":1512766803810,"pkgSize":1048736,"numSuccessors":2,"isBroadcast":true,"version":1,"tempID":1512766779175},{"timestamp":1512766816428,"event":"shippy_become_client_begin","source":1512766779175},{"timestamp":1512766816429,"event":"shippy_become_client_end","source":1512766803810},{"timestamp":1512766821441,"event":"shippy_become_client_begin","source":1512766779175},{"timestamp":1512766821443,"event":"shippy_become_client_end","source":1512766803810},{"timestamp":1512766829148,"event":"shippy_become_client_begin","source":1512766779175},{"timestamp":1512766829150,"event":"shippy_become_client_end","source":1512766803810},{"timestamp":1512766829551,"event":"shippy_client_received_welcome","source":1512766827261,"from":1512766779175,"pkgSize":26},{"timestamp":1512766829758,"event":"shippy_client_received_stateupdate","source":1512766827261,"pkgSize":1048722,"numSuccessors":1,"isBroadcast":true,"version":1,"tempID":1512766779175},{"timestamp":1512766847710,"event":"shippy_client_received_stateupdate","source":1512766827261,"pkgSize":1048736,"numSuccessors":2,"isBroadcast":true,"version":1,"tempID":1512766779175},{"timestamp":1512766857064,"event":"shippy_client_received_stateupdate","source":1512766827261,"pkgSize":1048750,"numSuccessors":3,"isBroadcast":true,"version":1,"tempID":1512766779175},{"timestamp":1512766861696,"event":"shippy_become_client_begin","source":1512766779175},{"timestamp":1512766861697,"event":"shippy_become_client_end","source":1512766827261},{"timestamp":1512766862608,"event":"shippy_client_call_add","source":1512766827261,"version":1},{"timestamp":1512766866538,"event":"shippy_become_client_begin","source":1512766779175},{"timestamp":1512766866539,"event":"shippy_become_client_end","source":1512766827261},{"timestamp":1512766871543,"event":"shippy_become_server_begin","source":1512766827261},{"timestamp":1512766872130,"event":"shippy_become_server_end","source":1512766827261},{"timestamp":1512766873396,"event":"shippy_become_client_begin","source":1512766779175},{"timestamp":1512766873399,"event":"shippy_become_client_end","source":1512766827261},{"timestamp":1512766873404,"event":"shippy_server_ws_open","source":1512766827261,"from":1512766873404},{"timestamp":1512766873452,"event":"shippy_server_ws_open","source":1512766827261,"from":1512766873452},{"timestamp":1512766873535,"event":"shippy_server_ws_open","source":1512766827261,"from":1512766873535},{"timestamp":1512766874027,"event":"shippy_client_received_welcome","source":1512766873535,"from":1512766779175,"pkgSize":26},{"timestamp":1512766874109,"event":"shippy_server_received__revealdoublerole","source":1512766873535,"from":1512766873535,"pkgSize":63},{"timestamp":1512766877543,"event":"shippy_server_ws_open","source":1512766873535,"from":1512766877543},{"timestamp":1512766878709,"event":"shippy_server_received_add","source":1512766873535,"from":1512766873452,"pkgSize":4161},{"timestamp":1512766880314,"event":"shippy_server_received_add","source":1512766873535,"from":1512766877543,"pkgSize":262218},{"timestamp":1512766880466,"event":"shippy_server_received_add","source":1512766873535,"from":1512766877543,"pkgSize":78},{"timestamp":1512766883960,"event":"shippy_server_received_remove","source":1512766873535,"from":1512766873404,"pkgSize":87},{"timestamp":1512766890210,"event":"disconnecting","source":1512766873535,"isServer":true}]