[{"timestamp":1512767517062,"event":"shippy_become_client_begin","source":1512767513901},{"timestamp":1512767517062,"event":"shippy_become_client_end","source":null},{"timestamp":1512767517073,"event":"shippy_client_received_welcome","source":1512767517068,"from":1512767513901,"pkgSize":26},{"timestamp":1512767517075,"event":"shippy_client_received_stateupdate","source":1512767517068,"pkgSize":91,"numSuccessors":3,"isBroadcast":true,"version":3,"tempID":1512767513901},{"timestamp":1512767522573,"event":"shippy_client_received_stateupdate","source":1512767517068,"pkgSize":105,"numSuccessors":4,"isBroadcast":true,"version":3,"tempID":1512767513901},{"timestamp":1512767527090,"event":"shippy_become_client_begin","source":1512767513901},{"timestamp":1512767527090,"event":"shippy_become_client_end","source":1512767517068},{"timestamp":1512767532104,"event":"shippy_become_client_begin","source":1512767513901},{"timestamp":1512767532105,"event":"shippy_become_client_end","source":1512767517068},{"timestamp":1512767539634,"event":"shippy_become_client_begin","source":1512767513901},{"timestamp":1512767539635,"event":"shippy_become_client_end","source":1512767517068},{"timestamp":1512767539662,"event":"shippy_client_received_welcome","source":1512767539650,"from":1512767513901,"pkgSize":26},{"timestamp":1512767539663,"event":"shippy_client_received_stateupdate","source":1512767539650,"pkgSize":77,"numSuccessors":2,"isBroadcast":true,"version":3,"tempID":1512767513901},{"timestamp":1512767539665,"event":"shippy_client_received_stateupdate","source":1512767539650,"pkgSize":91,"numSuccessors":3,"isBroadcast":true,"version":3,"tempID":1512767513901},{"timestamp":1512767572713,"event":"shippy_client_received_stateupdate","source":1512767539650,"pkgSize":105,"numSuccessors":4,"isBroadcast":true,"version":3,"tempID":1512767513901},{"timestamp":1512767582198,"event":"shippy_become_client_begin","source":1512767513901},{"timestamp":1512767582199,"event":"shippy_become_client_end","source":1512767539650},{"timestamp":1512767587205,"event":"shippy_become_client_begin","source":1512767513901},{"timestamp":1512767587205,"event":"shippy_become_client_end","source":1512767539650},{"timestamp":1512767594727,"event":"shippy_become_client_begin","source":1512767513901},{"timestamp":1512767594728,"event":"shippy_become_client_end","source":1512767539650},{"timestamp":1512767595046,"event":"shippy_client_received_welcome","source":1512767595019,"from":1512767513901,"pkgSize":26},{"timestamp":1512767595048,"event":"shippy_client_received_stateupdate","source":1512767595019,"pkgSize":63,"numSuccessors":1,"isBroadcast":true,"version":3,"tempID":1512767513901},{"timestamp":1512767595056,"event":"shippy_client_received_stateupdate","source":1512767595019,"pkgSize":77,"numSuccessors":2,"isBroadcast":true,"version":3,"tempID":1512767513901},{"timestamp":1512767595061,"event":"shippy_client_received_stateupdate","source":1512767595019,"pkgSize":91,"numSuccessors":3,"isBroadcast":true,"version":3,"tempID":1512767513901},{"timestamp":1512767595162,"event":"shippy_client_received_stateupdate","source":1512767595019,"pkgSize":105,"numSuccessors":4,"isBroadcast":true,"version":3,"tempID":1512767513901},{"timestamp":1512767595764,"event":"shippy_client_received_stateupdate","source":1512767595019,"pkgSize":91,"numSuccessors":3,"isBroadcast":true,"version":3,"tempID":1512767513901},{"timestamp":1512767595766,"event":"shippy_client_received_stateupdate","source":1512767595019,"pkgSize":91,"numSuccessors":3,"isBroadcast":true,"version":3,"tempID":1512767513901},{"timestamp":1512767595769,"event":"shippy_client_received_stateupdate","source":1512767595019,"pkgSize":105,"numSuccessors":4,"isBroadcast":true,"version":3,"tempID":1512767513901},{"timestamp":1512767596994,"event":"shippy_client_received_stateupdate","source":1512767595019,"pkgSize":367,"numSuccessors":4,"isBroadcast":false,"version":4,"tempID":1512767513901},{"timestamp":1512767599264,"event":"shippy_client_call_add","source":1512767595019,"version":4},{"timestamp":1512767599269,"event":"shippy_client_received_stateupdate","source":1512767595019,"pkgSize":139,"numSuccessors":4,"isBroadcast":false,"version":5,"tempID":1512767513901},{"timestamp":1512767599317,"event":"shippy_client_received_stateupdate","source":1512767595019,"pkgSize":113,"numSuccessors":4,"isBroadcast":false,"version":6,"tempID":1512767513901},{"timestamp":1512767603861,"event":"shippy_client_received_stateupdate","source":1512767595019,"pkgSize":122,"numSuccessors":4,"isBroadcast":false,"version":7,"tempID":1512767513901},{"timestamp":1512767617876,"event":"shippy_client_received_stateupdate","source":1512767595019,"pkgSize":644,"numSuccessors":5,"isBroadcast":true,"version":7,"tempID":1512767513901},{"timestamp":1512767619234,"event":"shippy_client_received_stateupdate","source":1512767595019,"pkgSize":630,"numSuccessors":4,"isBroadcast":true,"version":7,"tempID":1512767513901},{"timestamp":1512767622302,"event":"shippy_become_client_begin","source":1512767513901},{"timestamp":1512767622303,"event":"shippy_become_client_end","source":1512767595019},{"timestamp":1512767627313,"event":"shippy_become_client_begin","source":1512767513901},{"timestamp":1512767627314,"event":"shippy_become_client_end","source":1512767595019},{"timestamp":1512767632327,"event":"shippy_become_server_begin","source":1512767595019},{"timestamp":1512767633116,"event":"shippy_become_server_end","source":1512767595019},{"timestamp":1512767634374,"event":"shippy_become_client_begin","source":1512767513901},{"timestamp":1512767634375,"event":"shippy_become_client_end","source":1512767595019},{"timestamp":1512767634379,"event":"shippy_server_ws_open","source":1512767595019,"from":1512767634379},{"timestamp":1512767634386,"event":"shippy_client_received_welcome","source":1512767634379,"from":1512767513901,"pkgSize":26},{"timestamp":1512767634389,"event":"shippy_server_ws_open","source":1512767634379,"from":1512767634389},{"timestamp":1512767634397,"event":"shippy_server_received__revealdoublerole","source":1512767634379,"from":1512767634379,"pkgSize":63},{"timestamp":1512767634487,"event":"shippy_server_ws_open","source":1512767634379,"from":1512767634487},{"timestamp":1512767634503,"event":"shippy_server_ws_open","source":1512767634379,"from":1512767634503},{"timestamp":1512767634512,"event":"shippy_server_ws_open","source":1512767634379,"from":1512767634512},{"timestamp":1512767635492,"event":"disconnecting","source":1512767634379,"isServer":true}]