[{"timestamp":1512767783811,"event":"shippy_become_client_begin","source":1512767783369},{"timestamp":1512767783813,"event":"shippy_become_client_end","source":null},{"timestamp":1512767783844,"event":"shippy_client_received_welcome","source":1512767783827,"from":1512767783369,"pkgSize":26},{"timestamp":1512767783845,"event":"shippy_client_received_stateupdate","source":1512767783827,"pkgSize":418,"numSuccessors":2,"isBroadcast":true,"version":17,"tempID":1512767783369},{"timestamp":1512767790410,"event":"shippy_client_received_stateupdate","source":1512767783827,"pkgSize":432,"numSuccessors":3,"isBroadcast":true,"version":17,"tempID":1512767783369},{"timestamp":1512767791663,"event":"shippy_client_received_stateupdate","source":1512767783827,"pkgSize":418,"numSuccessors":2,"isBroadcast":true,"version":17,"tempID":1512767783369},{"timestamp":1512767803871,"event":"shippy_become_client_begin","source":1512767783369},{"timestamp":1512767803872,"event":"shippy_become_client_end","source":1512767783827},{"timestamp":1512767808876,"event":"shippy_become_client_begin","source":1512767783369},{"timestamp":1512767808877,"event":"shippy_become_client_end","source":1512767783827},{"timestamp":1512767813895,"event":"shippy_become_server_begin","source":1512767783827},{"timestamp":1512767814511,"event":"shippy_become_server_end","source":1512767783827},{"timestamp":1512767815766,"event":"shippy_become_client_begin","source":1512767783369},{"timestamp":1512767815767,"event":"shippy_become_client_end","source":1512767783827},{"timestamp":1512767815772,"event":"shippy_server_ws_open","source":1512767783827,"from":1512767815772},{"timestamp":1512767815790,"event":"shippy_client_received_welcome","source":1512767815772,"from":1512767783369,"pkgSize":26},{"timestamp":1512767815799,"event":"shippy_server_received__revealdoublerole","source":1512767815772,"from":1512767815772,"pkgSize":63},{"timestamp":1512767819429,"event":"disconnecting","source":1512767815772,"isServer":true}]