[{"timestamp":1512767000766,"event":"shippy_become_client_begin","source":1512766997432},{"timestamp":1512767000767,"event":"shippy_become_client_end","source":null},{"timestamp":1512767000780,"event":"shippy_client_received_welcome","source":1512767000770,"from":1512766997432,"pkgSize":26},{"timestamp":1512767000843,"event":"shippy_client_received_stateupdate","source":1512767000770,"pkgSize":266626,"numSuccessors":2,"isBroadcast":true,"version":7,"tempID":1512766997432},{"timestamp":1512767020014,"event":"shippy_client_received_stateupdate","source":1512767000770,"pkgSize":266640,"numSuccessors":3,"isBroadcast":true,"version":7,"tempID":1512766997432},{"timestamp":1512767030978,"event":"shippy_client_received_stateupdate","source":1512767000770,"pkgSize":266654,"numSuccessors":4,"isBroadcast":true,"version":7,"tempID":1512766997432},{"timestamp":1512767040314,"event":"shippy_client_received_stateupdate","source":1512767000770,"pkgSize":266668,"numSuccessors":5,"isBroadcast":true,"version":7,"tempID":1512766997432},{"timestamp":1512767042488,"event":"shippy_client_received_stateupdate","source":1512767000770,"pkgSize":184,"numSuccessors":5,"isBroadcast":false,"version":8,"tempID":1512766997432},{"timestamp":1512767066010,"event":"shippy_become_client_begin","source":1512766997432},{"timestamp":1512767066011,"event":"shippy_become_client_end","source":1512767000770},{"timestamp":1512767071019,"event":"shippy_become_client_begin","source":1512766997432},{"timestamp":1512767071020,"event":"shippy_become_client_end","source":1512767000770},{"timestamp":1512767077810,"event":"shippy_become_client_begin","source":1512766997432},{"timestamp":1512767077810,"event":"shippy_become_client_end","source":1512767000770},{"timestamp":1512767078183,"event":"shippy_client_received_welcome","source":1512767078081,"from":1512766997432,"pkgSize":26},{"timestamp":1512767078644,"event":"shippy_client_received_stateupdate","source":1512767078081,"pkgSize":266790,"numSuccessors":3,"isBroadcast":true,"version":8,"tempID":1512766997432},{"timestamp":1512767078658,"event":"shippy_client_received_stateupdate","source":1512767078081,"pkgSize":266804,"numSuccessors":4,"isBroadcast":true,"version":8,"tempID":1512766997432},{"timestamp":1512767086062,"event":"shippy_become_client_begin","source":1512766997432},{"timestamp":1512767086063,"event":"shippy_become_client_end","source":1512767078081},{"timestamp":1512767091072,"event":"shippy_become_client_begin","source":1512766997432},{"timestamp":1512767091073,"event":"shippy_become_client_end","source":1512767078081},{"timestamp":1512767097927,"event":"shippy_become_client_begin","source":1512766997432},{"timestamp":1512767097928,"event":"shippy_become_client_end","source":1512767078081},{"timestamp":1512767098009,"event":"shippy_client_received_welcome","source":1512767097935,"from":1512766997432,"pkgSize":26},{"timestamp":1512767098013,"event":"shippy_client_received_stateupdate","source":1512767097935,"pkgSize":266776,"numSuccessors":2,"isBroadcast":true,"version":8,"tempID":1512766997432},{"timestamp":1512767098104,"event":"shippy_client_received_stateupdate","source":1512767097935,"pkgSize":266762,"numSuccessors":1,"isBroadcast":true,"version":8,"tempID":1512766997432},{"timestamp":1512767098110,"event":"shippy_client_received_stateupdate","source":1512767097935,"pkgSize":266762,"numSuccessors":1,"isBroadcast":true,"version":8,"tempID":1512766997432},{"timestamp":1512767098172,"event":"shippy_client_received_stateupdate","source":1512767097935,"pkgSize":266776,"numSuccessors":2,"isBroadcast":true,"version":8,"tempID":1512766997432},{"timestamp":1512767098246,"event":"shippy_client_received_stateupdate","source":1512767097935,"pkgSize":266790,"numSuccessors":3,"isBroadcast":true,"version":8,"tempID":1512766997432},{"timestamp":1512767108180,"event":"shippy_client_received_stateupdate","source":1512767097935,"pkgSize":126,"numSuccessors":3,"isBroadcast":false,"version":9,"tempID":1512766997432},{"timestamp":1512767111266,"event":"shippy_client_received_stateupdate","source":1512767097935,"pkgSize":364,"numSuccessors":3,"isBroadcast":false,"version":10,"tempID":1512766997432},{"timestamp":1512767115274,"event":"shippy_client_received_stateupdate","source":1512767097935,"pkgSize":380,"numSuccessors":3,"isBroadcast":false,"version":11,"tempID":1512766997432},{"timestamp":1512767146382,"event":"shippy_client_received_stateupdate","source":1512767097935,"pkgSize":267150,"numSuccessors":4,"isBroadcast":true,"version":11,"tempID":1512766997432},{"timestamp":1512767151205,"event":"shippy_become_client_begin","source":1512766997432},{"timestamp":1512767151205,"event":"shippy_become_client_end","source":1512767097935},{"timestamp":1512767156216,"event":"shippy_become_client_begin","source":1512766997432},{"timestamp":1512767156217,"event":"shippy_become_client_end","source":1512767097935},{"timestamp":1512767161226,"event":"shippy_become_server_begin","source":1512767097935},{"timestamp":1512767161767,"event":"shippy_become_server_end","source":1512767097935},{"timestamp":1512767163029,"event":"shippy_become_client_begin","source":1512766997432},{"timestamp":1512767163030,"event":"shippy_become_client_end","source":1512767097935},{"timestamp":1512767163033,"event":"shippy_server_ws_open","source":1512767097935,"from":1512767163033},{"timestamp":1512767163041,"event":"shippy_client_received_welcome","source":1512767163033,"from":1512766997432,"pkgSize":26},{"timestamp":1512767163060,"event":"shippy_server_received__revealdoublerole","source":1512767163033,"from":1512767163033,"pkgSize":63},{"timestamp":1512767163436,"event":"shippy_server_ws_open","source":1512767163033,"from":1512767163436},{"timestamp":1512767163441,"event":"shippy_server_ws_open","source":1512767163033,"from":1512767163441},{"timestamp":1512767163518,"event":"shippy_server_ws_open","source":1512767163033,"from":1512767163518},{"timestamp":1512767171100,"event":"disconnecting","source":1512767163033,"isServer":true}]