[{"timestamp":1512766248973,"event":"shippy_become_client_begin","source":1512766247554},{"timestamp":1512766248973,"event":"shippy_become_client_end","source":null},{"timestamp":1512766248985,"event":"shippy_client_received_welcome","source":1512766248978,"from":1512766247554,"pkgSize":26},{"timestamp":1512766248986,"event":"shippy_client_received_stateupdate","source":1512766248978,"pkgSize":859,"numSuccessors":3,"isBroadcast":true,"version":3,"tempID":1512766247554},{"timestamp":1512766253979,"event":"shippy_become_client_begin","source":1512766247554},{"timestamp":1512766253980,"event":"shippy_become_client_end","source":1512766248978},{"timestamp":1512766258995,"event":"shippy_become_client_begin","source":1512766247554},{"timestamp":1512766258996,"event":"shippy_become_client_end","source":1512766248978},{"timestamp":1512766265939,"event":"shippy_become_client_begin","source":1512766247554},{"timestamp":1512766265940,"event":"shippy_become_client_end","source":1512766248978},{"timestamp":1512766266113,"event":"shippy_client_received_welcome","source":1512766268115,"from":1512766247554,"pkgSize":26},{"timestamp":1512766266115,"event":"shippy_client_received_stateupdate","source":1512766268115,"pkgSize":831,"numSuccessors":1,"isBroadcast":true,"version":3,"tempID":1512766247554},{"timestamp":1512766266120,"event":"shippy_client_received_stateupdate","source":1512766268115,"pkgSize":845,"numSuccessors":2,"isBroadcast":true,"version":3,"tempID":1512766247554},{"timestamp":1512766278282,"event":"shippy_client_received_stateupdate","source":1512766268115,"pkgSize":859,"numSuccessors":3,"isBroadcast":true,"version":3,"tempID":1512766247554},{"timestamp":1512766285738,"event":"shippy_client_received_stateupdate","source":1512766268115,"pkgSize":845,"numSuccessors":2,"isBroadcast":true,"version":3,"tempID":1512766247554},{"timestamp":1512766294077,"event":"shippy_client_received_stateupdate","source":1512766268115,"pkgSize":859,"numSuccessors":3,"isBroadcast":true,"version":3,"tempID":1512766247554},{"timestamp":1512766299375,"event":"disconnecting","source":1512766268115,"isServer":false}]