[{"timestamp":1512767738211,"event":"shippy_become_client_begin","source":1512767734090},{"timestamp":1512767738213,"event":"shippy_become_client_end","source":null},{"timestamp":1512767743228,"event":"shippy_become_client_begin","source":1512767734090},{"timestamp":1512767743229,"event":"shippy_become_client_end","source":null},{"timestamp":1512767748625,"event":"shippy_become_client_begin","source":1512767734090},{"timestamp":1512767748626,"event":"shippy_become_client_end","source":null},{"timestamp":1512767748666,"event":"shippy_client_received_welcome","source":1512767750663,"from":1512767734090,"pkgSize":26},{"timestamp":1512767748668,"event":"shippy_client_received_stateupdate","source":1512767750663,"pkgSize":588,"numSuccessors":1,"isBroadcast":true,"version":7,"tempID":1512767734090},{"timestamp":1512767760796,"event":"shippy_client_call_add","source":1512767750663,"version":7},{"timestamp":1512767760900,"event":"shippy_client_received_stateupdate","source":1512767750663,"pkgSize":65652,"numSuccessors":1,"isBroadcast":false,"version":8,"tempID":1512767734090},{"timestamp":1512767764312,"event":"shippy_client_received_stateupdate","source":1512767750663,"pkgSize":182,"numSuccessors":1,"isBroadcast":false,"version":9,"tempID":1512767734090},{"timestamp":1512767764950,"event":"shippy_client_call_add","source":1512767750663,"version":9},{"timestamp":1512767764967,"event":"shippy_client_received_stateupdate","source":1512767750663,"pkgSize":133,"numSuccessors":1,"isBroadcast":false,"version":10,"tempID":1512767734090},{"timestamp":1512767765172,"event":"shippy_client_received_stateupdate","source":1512767750663,"pkgSize":65639,"numSuccessors":1,"isBroadcast":false,"version":11,"tempID":1512767734090},{"timestamp":1512767766354,"event":"shippy_client_received_stateupdate","source":1512767750663,"pkgSize":65655,"numSuccessors":1,"isBroadcast":false,"version":12,"tempID":1512767734090},{"timestamp":1512767767720,"event":"shippy_client_received_stateupdate","source":1512767750663,"pkgSize":107,"numSuccessors":1,"isBroadcast":false,"version":13,"tempID":1512767734090},{"timestamp":1512767769023,"event":"shippy_client_received_stateupdate","source":1512767750663,"pkgSize":375,"numSuccessors":1,"isBroadcast":false,"version":14,"tempID":1512767734090},{"timestamp":1512767770047,"event":"shippy_client_received_stateupdate","source":1512767750663,"pkgSize":1127,"numSuccessors":1,"isBroadcast":false,"version":15,"tempID":1512767734090},{"timestamp":1512767771257,"event":"shippy_client_call_remove","source":1512767750663,"version":15},{"timestamp":1512767771261,"event":"shippy_client_received_stateupdate","source":1512767750663,"pkgSize":183,"numSuccessors":1,"isBroadcast":false,"version":16,"tempID":1512767734090},{"timestamp":1512767771269,"event":"shippy_client_received_stateupdate","source":1512767750663,"pkgSize":357,"numSuccessors":1,"isBroadcast":false,"version":17,"tempID":1512767734090},{"timestamp":1512767781944,"event":"shippy_client_received_stateupdate","source":1512767750663,"pkgSize":418,"numSuccessors":2,"isBroadcast":true,"version":17,"tempID":1512767734090},{"timestamp":1512767788388,"event":"shippy_client_received_stateupdate","source":1512767750663,"pkgSize":432,"numSuccessors":3,"isBroadcast":true,"version":17,"tempID":1512767734090},{"timestamp":1512767789326,"event":"disconnecting","source":1512767750663,"isServer":false}]