[
  {
    "timestamp": 1512759605168,
    "event": "shippy_become_server_begin",
    "source": null
  },
  {
    "timestamp": 1512759605783,
    "event": "shippy_become_server_end",
    "source": null
  },
  {
    "timestamp": 1512759607090,
    "event": "shippy_become_client_begin",
    "source": 1512759607090
  },
  {
    "timestamp": 1512759607091,
    "event": "shippy_become_client_end",
    "source": null
  },
  {
    "timestamp": 1512759607150,
    "event": "shippy_server_ws_open",
    "source": null,
    "from": 1512759607150
  },
  {
    "timestamp": 1512759607169,
    "event": "shippy_client_received_welcome",
    "source": 1512759607150,
    "from": 1512759607090,
    "pkgSize": 26
  },
  {
    "timestamp": 1512759607170,
    "event": "shippy_client_call_addName",
    "source": 1512759607150
  },
  {
    "timestamp": 1512759607171,
    "event": "shippy_client_call_setServerName",
    "source": 1512759607150
  },
  {
    "timestamp": 1512759607171,
    "event": "shippy_client_received_stateupdate",
    "source": 1512759607150,
    "pkgSize": 63,
    "numSuccessors": 1,
    "isBroadcast": true
  },
  {
    "timestamp": 1512759607185,
    "event": "shippy_server_received__revealdoublerole",
    "source": 1512759607150,
    "from": 1512759607150,
    "pkgSize": 63
  },
  {
    "timestamp": 1512759607187,
    "event": "shippy_server_received_addName",
    "source": 1512759607150,
    "from": 1512759607150,
    "pkgSize": 67
  },
  {
    "timestamp": 1512759607188,
    "event": "shippy_server_received_setServerName",
    "source": 1512759607150,
    "from": 1512759607150,
    "pkgSize": 48
  },
  {
    "timestamp": 1512759607190,
    "event": "shippy_client_received_stateupdate",
    "source": 1512759607150,
    "pkgSize": 50,
    "numSuccessors": 0,
    "isBroadcast": true
  },
  {
    "timestamp": 1512759607192,
    "event": "shippy_client_received_stateupdate",
    "source": 1512759607150,
    "pkgSize": 50,
    "numSuccessors": 0,
    "isBroadcast": true
  },
  {
    "timestamp": 1512759607193,
    "event": "shippy_client_received_stateupdate",
    "source": 1512759607150,
    "pkgSize": 96,
    "numSuccessors": 0,
    "isBroadcast": false
  },
  {
    "timestamp": 1512759607195,
    "event": "shippy_client_received_stateupdate",
    "source": 1512759607150,
    "pkgSize": 77,
    "numSuccessors": 0,
    "isBroadcast": false
  },
  {
    "timestamp": 1512759623799,
    "event": "shippy_client_call_setRevealState",
    "source": 1512759607150
  },
  {
    "timestamp": 1512759623844,
    "event": "shippy_server_received_setRevealState",
    "source": 1512759607150,
    "from": 1512759607150,
    "pkgSize": 105
  },
  {
    "timestamp": 1512759623937,
    "event": "shippy_client_received_stateupdate",
    "source": 1512759607150,
    "pkgSize": 134,
    "numSuccessors": 0,
    "isBroadcast": false
  },
  {
    "timestamp": 1512759626888,
    "event": "shippy_client_call_setRevealState",
    "source": 1512759607150
  },
  {
    "timestamp": 1512759626908,
    "event": "shippy_server_received_setRevealState",
    "source": 1512759607150,
    "from": 1512759607150,
    "pkgSize": 105
  },
  {
    "timestamp": 1512759626969,
    "event": "shippy_client_received_stateupdate",
    "source": 1512759607150,
    "pkgSize": 134,
    "numSuccessors": 0,
    "isBroadcast": false
  },
  {
    "timestamp": 1512759629141,
    "event": "shippy_client_call_setRevealState",
    "source": 1512759607150
  },
  {
    "timestamp": 1512759629325,
    "event": "shippy_server_received_setRevealState",
    "source": 1512759607150,
    "from": 1512759607150,
    "pkgSize": 105
  },
  {
    "timestamp": 1512759629414,
    "event": "shippy_client_received_stateupdate",
    "source": 1512759607150,
    "pkgSize": 134,
    "numSuccessors": 0,
    "isBroadcast": false
  },
  {
    "timestamp": 1512759639763,
    "event": "shippy_client_call_setRevealState",
    "source": 1512759607150
  },
  {
    "timestamp": 1512759639783,
    "event": "shippy_server_received_setRevealState",
    "source": 1512759607150,
    "from": 1512759607150,
    "pkgSize": 105
  },
  {
    "timestamp": 1512759639865,
    "event": "shippy_client_received_stateupdate",
    "source": 1512759607150,
    "pkgSize": 134,
    "numSuccessors": 0,
    "isBroadcast": false
  },
  {
    "timestamp": 1512759640601,
    "event": "shippy_client_call_setRevealState",
    "source": 1512759607150
  },
  {
    "timestamp": 1512759640803,
    "event": "shippy_server_received_setRevealState",
    "source": 1512759607150,
    "from": 1512759607150,
    "pkgSize": 105
  },
  {
    "timestamp": 1512759641000,
    "event": "shippy_client_received_stateupdate",
    "source": 1512759607150,
    "pkgSize": 134,
    "numSuccessors": 0,
    "isBroadcast": false
  },
  {
    "timestamp": 1512759653230,
    "event": "shippy_client_call_setRevealState",
    "source": 1512759607150
  },
  {
    "timestamp": 1512759653250,
    "event": "shippy_server_received_setRevealState",
    "source": 1512759607150,
    "from": 1512759607150,
    "pkgSize": 105
  },
  {
    "timestamp": 1512759653314,
    "event": "shippy_client_received_stateupdate",
    "source": 1512759607150,
    "pkgSize": 134,
    "numSuccessors": 0,
    "isBroadcast": false
  },
  {
    "timestamp": 1512759655387,
    "event": "shippy_client_call_setRevealState",
    "source": 1512759607150
  },
  {
    "timestamp": 1512759655453,
    "event": "shippy_server_received_setRevealState",
    "source": 1512759607150,
    "from": 1512759607150,
    "pkgSize": 105
  },
  {
    "timestamp": 1512759655602,
    "event": "shippy_client_received_stateupdate",
    "source": 1512759607150,
    "pkgSize": 134,
    "numSuccessors": 0,
    "isBroadcast": false
  },
  {
    "timestamp": 1512759656772,
    "event": "shippy_client_call_setRevealState",
    "source": 1512759607150
  },
  {
    "timestamp": 1512759657095,
    "event": "shippy_client_call_setRevealState",
    "source": 1512759607150
  },
  {
    "timestamp": 1512759657110,
    "event": "shippy_server_received_setRevealState",
    "source": 1512759607150,
    "from": 1512759607150,
    "pkgSize": 105
  },
  {
    "timestamp": 1512759659175,
    "event": "shippy_server_received_setRevealState",
    "source": 1512759607150,
    "from": 1512759607150,
    "pkgSize": 106
  },
  {
    "timestamp": 1512759659272,
    "event": "shippy_client_received_stateupdate",
    "source": 1512759607150,
    "pkgSize": 135,
    "numSuccessors": 0,
    "isBroadcast": false
  },
  {
    "timestamp": 1512759659291,
    "event": "shippy_client_call_setRevealState",
    "source": 1512759607150
  },
  {
    "timestamp": 1512759659463,
    "event": "shippy_client_received_stateupdate",
    "source": 1512759607150,
    "pkgSize": 136,
    "numSuccessors": 0,
    "isBroadcast": false
  },
  {
    "timestamp": 1512759659535,
    "event": "shippy_server_received_setRevealState",
    "source": 1512759607150,
    "from": 1512759607150,
    "pkgSize": 106
  },
  {
    "timestamp": 1512759661342,
    "event": "shippy_client_received_stateupdate",
    "source": 1512759607150,
    "pkgSize": 136,
    "numSuccessors": 0,
    "isBroadcast": false
  },
  {
    "timestamp": 1512759691160,
    "event": "shippy_client_call_setRevealState",
    "source": 1512759607150
  },
  {
    "timestamp": 1512759691186,
    "event": "shippy_server_received_setRevealState",
    "source": 1512759607150,
    "from": 1512759607150,
    "pkgSize": 106
  },
  {
    "timestamp": 1512759691231,
    "event": "shippy_client_received_stateupdate",
    "source": 1512759607150,
    "pkgSize": 136,
    "numSuccessors": 0,
    "isBroadcast": false
  },
  {
    "timestamp": 1512759692057,
    "event": "shippy_client_call_setRevealState",
    "source": 1512759607150
  },
  {
    "timestamp": 1512759692248,
    "event": "shippy_server_received_setRevealState",
    "source": 1512759607150,
    "from": 1512759607150,
    "pkgSize": 106
  },
  {
    "timestamp": 1512759692447,
    "event": "shippy_client_received_stateupdate",
    "source": 1512759607150,
    "pkgSize": 136,
    "numSuccessors": 0,
    "isBroadcast": false
  },
  {
    "timestamp": 1512759697277,
    "event": "shippy_client_call_setRevealState",
    "source": 1512759607150
  },
  {
    "timestamp": 1512759697294,
    "event": "shippy_server_received_setRevealState",
    "source": 1512759607150,
    "from": 1512759607150,
    "pkgSize": 106
  },
  {
    "timestamp": 1512759697354,
    "event": "shippy_client_received_stateupdate",
    "source": 1512759607150,
    "pkgSize": 136,
    "numSuccessors": 0,
    "isBroadcast": false
  },
  {
    "timestamp": 1512759700211,
    "event": "shippy_client_call_setRevealState",
    "source": 1512759607150
  },
  {
    "timestamp": 1512759700232,
    "event": "shippy_server_received_setRevealState",
    "source": 1512759607150,
    "from": 1512759607150,
    "pkgSize": 106
  },
  {
    "timestamp": 1512759700922,
    "event": "shippy_client_received_stateupdate",
    "source": 1512759607150,
    "pkgSize": 136,
    "numSuccessors": 0,
    "isBroadcast": false
  },
  {
    "timestamp": 1512759703179,
    "event": "shippy_client_call_setRevealState",
    "source": 1512759607150
  },
  {
    "timestamp": 1512759703198,
    "event": "shippy_server_received_setRevealState",
    "source": 1512759607150,
    "from": 1512759607150,
    "pkgSize": 106
  },
  {
    "timestamp": 1512759703977,
    "event": "shippy_client_call_setRevealState",
    "source": 1512759607150
  },
  {
    "timestamp": 1512759704109,
    "event": "shippy_client_received_stateupdate",
    "source": 1512759607150,
    "pkgSize": 136,
    "numSuccessors": 0,
    "isBroadcast": false
  },
  {
    "timestamp": 1512759704153,
    "event": "shippy_server_received_setRevealState",
    "source": 1512759607150,
    "from": 1512759607150,
    "pkgSize": 106
  },
  {
    "timestamp": 1512759704475,
    "event": "shippy_client_received_stateupdate",
    "source": 1512759607150,
    "pkgSize": 136,
    "numSuccessors": 0,
    "isBroadcast": false
  },
  {
    "timestamp": 1512759704489,
    "event": "shippy_client_call_setRevealState",
    "source": 1512759607150
  },
  {
    "timestamp": 1512759705872,
    "event": "shippy_server_received_setRevealState",
    "source": 1512759607150,
    "from": 1512759607150,
    "pkgSize": 106
  },
  {
    "timestamp": 1512759705952,
    "event": "shippy_client_received_stateupdate",
    "source": 1512759607150,
    "pkgSize": 136,
    "numSuccessors": 0,
    "isBroadcast": false
  },
  {
    "timestamp": 1512759715531,
    "event": "shippy_client_call_setRevealState",
    "source": 1512759607150
  },
  {
    "timestamp": 1512759715549,
    "event": "shippy_server_received_setRevealState",
    "source": 1512759607150,
    "from": 1512759607150,
    "pkgSize": 106
  },
  {
    "timestamp": 1512759715602,
    "event": "shippy_client_received_stateupdate",
    "source": 1512759607150,
    "pkgSize": 136,
    "numSuccessors": 0,
    "isBroadcast": false
  },
  {
    "timestamp": 1512759717441,
    "event": "shippy_client_call_setRevealState",
    "source": 1512759607150
  },
  {
    "timestamp": 1512759717586,
    "event": "shippy_server_received_setRevealState",
    "source": 1512759607150,
    "from": 1512759607150,
    "pkgSize": 106
  },
  {
    "timestamp": 1512759717720,
    "event": "shippy_client_received_stateupdate",
    "source": 1512759607150,
    "pkgSize": 136,
    "numSuccessors": 0,
    "isBroadcast": false
  },
  {
    "timestamp": 1512759719719,
    "event": "shippy_client_call_setRevealState",
    "source": 1512759607150
  },
  {
    "timestamp": 1512759719828,
    "event": "shippy_server_received_setRevealState",
    "source": 1512759607150,
    "from": 1512759607150,
    "pkgSize": 106
  },
  {
    "timestamp": 1512759719951,
    "event": "shippy_client_received_stateupdate",
    "source": 1512759607150,
    "pkgSize": 136,
    "numSuccessors": 0,
    "isBroadcast": false
  },
  {
    "timestamp": 1512759720866,
    "event": "shippy_client_call_setRevealState",
    "source": 1512759607150
  },
  {
    "timestamp": 1512759721652,
    "event": "shippy_client_call_setRevealState",
    "source": 1512759607150
  },
  {
    "timestamp": 1512759721749,
    "event": "shippy_server_received_setRevealState",
    "source": 1512759607150,
    "from": 1512759607150,
    "pkgSize": 106
  },
  {
    "timestamp": 1512759721775,
    "event": "shippy_server_received_setRevealState",
    "source": 1512759607150,
    "from": 1512759607150,
    "pkgSize": 106
  },
  {
    "timestamp": 1512759721892,
    "event": "shippy_client_received_stateupdate",
    "source": 1512759607150,
    "pkgSize": 136,
    "numSuccessors": 0,
    "isBroadcast": false
  },
  {
    "timestamp": 1512759722923,
    "event": "shippy_client_call_setRevealState",
    "source": 1512759607150
  },
  {
    "timestamp": 1512759722944,
    "event": "shippy_client_received_stateupdate",
    "source": 1512759607150,
    "pkgSize": 136,
    "numSuccessors": 0,
    "isBroadcast": false
  },
  {
    "timestamp": 1512759723089,
    "event": "shippy_server_received_setRevealState",
    "source": 1512759607150,
    "from": 1512759607150,
    "pkgSize": 106
  },
  {
    "timestamp": 1512759723214,
    "event": "shippy_client_received_stateupdate",
    "source": 1512759607150,
    "pkgSize": 136,
    "numSuccessors": 0,
    "isBroadcast": false
  },
  {
    "timestamp": 1512759723227,
    "event": "shippy_client_call_setRevealState",
    "source": 1512759607150
  },
  {
    "timestamp": 1512759724813,
    "event": "shippy_server_received_setRevealState",
    "source": 1512759607150,
    "from": 1512759607150,
    "pkgSize": 106
  },
  {
    "timestamp": 1512759724930,
    "event": "shippy_client_received_stateupdate",
    "source": 1512759607150,
    "pkgSize": 136,
    "numSuccessors": 0,
    "isBroadcast": false
  },
  {
    "timestamp": 1512759753792,
    "event": "shippy_client_call_setRevealState",
    "source": 1512759607150
  },
  {
    "timestamp": 1512759753806,
    "event": "shippy_server_received_setRevealState",
    "source": 1512759607150,
    "from": 1512759607150,
    "pkgSize": 106
  },
  {
    "timestamp": 1512759753885,
    "event": "shippy_client_received_stateupdate",
    "source": 1512759607150,
    "pkgSize": 136,
    "numSuccessors": 0,
    "isBroadcast": false
  },
  {
    "timestamp": 1512759756807,
    "event": "shippy_client_call_setRevealState",
    "source": 1512759607150
  },
  {
    "timestamp": 1512759756828,
    "event": "shippy_server_received_setRevealState",
    "source": 1512759607150,
    "from": 1512759607150,
    "pkgSize": 106
  },
  {
    "timestamp": 1512759756944,
    "event": "shippy_client_received_stateupdate",
    "source": 1512759607150,
    "pkgSize": 136,
    "numSuccessors": 0,
    "isBroadcast": false
  },
  {
    "timestamp": 1512759768200,
    "event": "shippy_server_ws_open",
    "source": 1512759607150,
    "from": 1512759768200
  },
  {
    "timestamp": 1512759768217,
    "event": "shippy_client_received_stateupdate",
    "source": 1512759607150,
    "pkgSize": 177,
    "numSuccessors": 1,
    "isBroadcast": true
  },
  {
    "timestamp": 1512759768415,
    "event": "shippy_server_received_addName",
    "source": 1512759607150,
    "from": 1512759768200,
    "pkgSize": 68
  },
  {
    "timestamp": 1512759768455,
    "event": "shippy_server_received_setRevealState",
    "source": 1512759607150,
    "from": 1512759768200,
    "pkgSize": 106
  },
  {
    "timestamp": 1512759768485,
    "event": "shippy_client_received_stateupdate",
    "source": 1512759607150,
    "pkgSize": 99,
    "numSuccessors": 1,
    "isBroadcast": false
  },
  {
    "timestamp": 1512759769547,
    "event": "shippy_client_received_stateupdate",
    "source": 1512759607150,
    "pkgSize": 137,
    "numSuccessors": 1,
    "isBroadcast": false
  },
  {
    "timestamp": 1512759792408,
    "event": "shippy_client_call_setRevealState",
    "source": 1512759607150
  },
  {
    "timestamp": 1512759792423,
    "event": "shippy_server_received_setRevealState",
    "source": 1512759607150,
    "from": 1512759607150,
    "pkgSize": 106
  },
  {
    "timestamp": 1512759792429,
    "event": "shippy_client_received_stateupdate",
    "source": 1512759607150,
    "pkgSize": 136,
    "numSuccessors": 1,
    "isBroadcast": false
  },
  {
    "timestamp": 1512759792498,
    "event": "shippy_server_received_setRevealState",
    "source": 1512759607150,
    "from": 1512759768200,
    "pkgSize": 106
  },
  {
    "timestamp": 1512759792503,
    "event": "shippy_client_received_stateupdate",
    "source": 1512759607150,
    "pkgSize": 137,
    "numSuccessors": 1,
    "isBroadcast": false
  },
  {
    "timestamp": 1512759795034,
    "event": "shippy_client_call_setRevealState",
    "source": 1512759607150
  },
  {
    "timestamp": 1512759795048,
    "event": "shippy_server_received_setRevealState",
    "source": 1512759607150,
    "from": 1512759607150,
    "pkgSize": 106
  },
  {
    "timestamp": 1512759795055,
    "event": "shippy_client_received_stateupdate",
    "source": 1512759607150,
    "pkgSize": 136,
    "numSuccessors": 1,
    "isBroadcast": false
  },
  {
    "timestamp": 1512759795148,
    "event": "shippy_server_received_setRevealState",
    "source": 1512759607150,
    "from": 1512759768200,
    "pkgSize": 106
  },
  {
    "timestamp": 1512759795167,
    "event": "shippy_client_received_stateupdate",
    "source": 1512759607150,
    "pkgSize": 137,
    "numSuccessors": 1,
    "isBroadcast": false
  },
  {
    "timestamp": 1512759807401,
    "event": "shippy_client_call_setRevealState",
    "source": 1512759607150
  },
  {
    "timestamp": 1512759807421,
    "event": "shippy_server_received_setRevealState",
    "source": 1512759607150,
    "from": 1512759607150,
    "pkgSize": 106
  },
  {
    "timestamp": 1512759807454,
    "event": "shippy_client_received_stateupdate",
    "source": 1512759607150,
    "pkgSize": 136,
    "numSuccessors": 1,
    "isBroadcast": false
  },
  {
    "timestamp": 1512759808365,
    "event": "shippy_server_received_setRevealState",
    "source": 1512759607150,
    "from": 1512759768200,
    "pkgSize": 106
  },
  {
    "timestamp": 1512759808964,
    "event": "shippy_client_received_stateupdate",
    "source": 1512759607150,
    "pkgSize": 137,
    "numSuccessors": 1,
    "isBroadcast": false
  },
  {
    "timestamp": 1512759819086,
    "event": "shippy_client_call_setRevealState",
    "source": 1512759607150
  },
  {
    "timestamp": 1512759819119,
    "event": "shippy_server_received_setRevealState",
    "source": 1512759607150,
    "from": 1512759607150,
    "pkgSize": 106
  },
  {
    "timestamp": 1512759819223,
    "event": "shippy_client_received_stateupdate",
    "source": 1512759607150,
    "pkgSize": 136,
    "numSuccessors": 1,
    "isBroadcast": false
  },
  {
    "timestamp": 1512759820171,
    "event": "shippy_server_received_setRevealState",
    "source": 1512759607150,
    "from": 1512759768200,
    "pkgSize": 106
  },
  {
    "timestamp": 1512759820371,
    "event": "shippy_client_received_stateupdate",
    "source": 1512759607150,
    "pkgSize": 137,
    "numSuccessors": 1,
    "isBroadcast": false
  },
  {
    "timestamp": 1512759824566,
    "event": "shippy_client_call_setRevealState",
    "source": 1512759607150
  },
  {
    "timestamp": 1512759824596,
    "event": "shippy_server_received_setRevealState",
    "source": 1512759607150,
    "from": 1512759607150,
    "pkgSize": 106
  },
  {
    "timestamp": 1512759824672,
    "event": "shippy_client_received_stateupdate",
    "source": 1512759607150,
    "pkgSize": 136,
    "numSuccessors": 1,
    "isBroadcast": false
  },
  {
    "timestamp": 1512759826128,
    "event": "shippy_server_received_setRevealState",
    "source": 1512759607150,
    "from": 1512759768200,
    "pkgSize": 106
  },
  {
    "timestamp": 1512759826855,
    "event": "shippy_client_call_setRevealState",
    "source": 1512759607150
  },
  {
    "timestamp": 1512759826883,
    "event": "shippy_client_received_stateupdate",
    "source": 1512759607150,
    "pkgSize": 137,
    "numSuccessors": 1,
    "isBroadcast": false
  },
  {
    "timestamp": 1512759827460,
    "event": "shippy_client_call_setRevealState",
    "source": 1512759607150
  },
  {
    "timestamp": 1512759827702,
    "event": "shippy_server_received_setRevealState",
    "source": 1512759607150,
    "from": 1512759607150,
    "pkgSize": 106
  },
  {
    "timestamp": 1512759827849,
    "event": "shippy_server_received_setRevealState",
    "source": 1512759607150,
    "from": 1512759607150,
    "pkgSize": 106
  },
  {
    "timestamp": 1512759828252,
    "event": "shippy_client_received_stateupdate",
    "source": 1512759607150,
    "pkgSize": 136,
    "numSuccessors": 1,
    "isBroadcast": false
  },
  {
    "timestamp": 1512759828276,
    "event": "shippy_client_call_setRevealState",
    "source": 1512759607150
  },
  {
    "timestamp": 1512759828466,
    "event": "shippy_client_received_stateupdate",
    "source": 1512759607150,
    "pkgSize": 136,
    "numSuccessors": 1,
    "isBroadcast": false
  },
  {
    "timestamp": 1512759832629,
    "event": "shippy_server_received_setRevealState",
    "source": 1512759607150,
    "from": 1512759607150,
    "pkgSize": 106
  },
  {
    "timestamp": 1512759832637,
    "event": "shippy_server_received_setRevealState",
    "source": 1512759607150,
    "from": 1512759768200,
    "pkgSize": 106
  },
  {
    "timestamp": 1512759833142,
    "event": "shippy_client_received_stateupdate",
    "source": 1512759607150,
    "pkgSize": 136,
    "numSuccessors": 1,
    "isBroadcast": false
  },
  {
    "timestamp": 1512759833164,
    "event": "shippy_client_call_setRevealState",
    "source": 1512759607150
  },
  {
    "timestamp": 1512759833243,
    "event": "shippy_client_received_stateupdate",
    "source": 1512759607150,
    "pkgSize": 137,
    "numSuccessors": 1,
    "isBroadcast": false
  },
  {
    "timestamp": 1512759835597,
    "event": "shippy_server_received_setRevealState",
    "source": 1512759607150,
    "from": 1512759607150,
    "pkgSize": 106
  },
  {
    "timestamp": 1512759835598,
    "event": "shippy_server_received_setRevealState",
    "source": 1512759607150,
    "from": 1512759768200,
    "pkgSize": 106
  },
  {
    "timestamp": 1512759836047,
    "event": "shippy_client_received_stateupdate",
    "source": 1512759607150,
    "pkgSize": 136,
    "numSuccessors": 1,
    "isBroadcast": false
  },
  {
    "timestamp": 1512759836079,
    "event": "shippy_client_received_stateupdate",
    "source": 1512759607150,
    "pkgSize": 137,
    "numSuccessors": 1,
    "isBroadcast": false
  },
  {
    "timestamp": 1512759947185,
    "event": "shippy_client_call_setRevealState",
    "source": 1512759607150
  },
  {
    "timestamp": 1512759947203,
    "event": "shippy_server_received_setRevealState",
    "source": 1512759607150,
    "from": 1512759607150,
    "pkgSize": 106
  },
  {
    "timestamp": 1512759947246,
    "event": "shippy_client_received_stateupdate",
    "source": 1512759607150,
    "pkgSize": 136,
    "numSuccessors": 1,
    "isBroadcast": false
  },
  {
    "timestamp": 1512759947966,
    "event": "shippy_server_received_setRevealState",
    "source": 1512759607150,
    "from": 1512759768200,
    "pkgSize": 106
  },
  {
    "timestamp": 1512759948109,
    "event": "shippy_client_received_stateupdate",
    "source": 1512759607150,
    "pkgSize": 137,
    "numSuccessors": 1,
    "isBroadcast": false
  },
  {
    "timestamp": 1512759951186,
    "event": "shippy_client_call_setRevealState",
    "source": 1512759607150
  },
  {
    "timestamp": 1512759951206,
    "event": "shippy_server_received_setRevealState",
    "source": 1512759607150,
    "from": 1512759607150,
    "pkgSize": 106
  },
  {
    "timestamp": 1512759951245,
    "event": "shippy_client_received_stateupdate",
    "source": 1512759607150,
    "pkgSize": 136,
    "numSuccessors": 1,
    "isBroadcast": false
  },
  {
    "timestamp": 1512759951969,
    "event": "shippy_client_call_setRevealState",
    "source": 1512759607150
  },
  {
    "timestamp": 1512759952098,
    "event": "shippy_server_received_setRevealState",
    "source": 1512759607150,
    "from": 1512759768200,
    "pkgSize": 106
  },
  {
    "timestamp": 1512759952164,
    "event": "shippy_server_received_setRevealState",
    "source": 1512759607150,
    "from": 1512759607150,
    "pkgSize": 106
  },
  {
    "timestamp": 1512759952289,
    "event": "shippy_client_received_stateupdate",
    "source": 1512759607150,
    "pkgSize": 137,
    "numSuccessors": 1,
    "isBroadcast": false
  },
  {
    "timestamp": 1512759953625,
    "event": "shippy_client_received_stateupdate",
    "source": 1512759607150,
    "pkgSize": 136,
    "numSuccessors": 1,
    "isBroadcast": false
  },
  {
    "timestamp": 1512759954016,
    "event": "shippy_server_received_setRevealState",
    "source": 1512759607150,
    "from": 1512759768200,
    "pkgSize": 106
  },
  {
    "timestamp": 1512759954382,
    "event": "shippy_client_received_stateupdate",
    "source": 1512759607150,
    "pkgSize": 137,
    "numSuccessors": 1,
    "isBroadcast": false
  },
  {
    "timestamp": 1512759962428,
    "event": "shippy_client_call_setRevealState",
    "source": 1512759607150
  },
  {
    "timestamp": 1512759962499,
    "event": "shippy_server_received_setRevealState",
    "source": 1512759607150,
    "from": 1512759607150,
    "pkgSize": 106
  },
  {
    "timestamp": 1512759962568,
    "event": "shippy_client_received_stateupdate",
    "source": 1512759607150,
    "pkgSize": 136,
    "numSuccessors": 1,
    "isBroadcast": false
  },
  {
    "timestamp": 1512759963241,
    "event": "shippy_client_call_setRevealState",
    "source": 1512759607150
  },
  {
    "timestamp": 1512759963518,
    "event": "shippy_server_received_setRevealState",
    "source": 1512759607150,
    "from": 1512759768200,
    "pkgSize": 106
  },
  {
    "timestamp": 1512759963548,
    "event": "shippy_server_received_setRevealState",
    "source": 1512759607150,
    "from": 1512759607150,
    "pkgSize": 106
  },
  {
    "timestamp": 1512759963872,
    "event": "shippy_client_received_stateupdate",
    "source": 1512759607150,
    "pkgSize": 137,
    "numSuccessors": 1,
    "isBroadcast": false
  },
  {
    "timestamp": 1512759963946,
    "event": "shippy_client_received_stateupdate",
    "source": 1512759607150,
    "pkgSize": 136,
    "numSuccessors": 1,
    "isBroadcast": false
  },
  {
    "timestamp": 1512759965799,
    "event": "shippy_server_received_setRevealState",
    "source": 1512759607150,
    "from": 1512759768200,
    "pkgSize": 106
  },
  {
    "timestamp": 1512759966065,
    "event": "shippy_client_received_stateupdate",
    "source": 1512759607150,
    "pkgSize": 137,
    "numSuccessors": 1,
    "isBroadcast": false
  },
  {
    "timestamp": 1512760356838,
    "event": "shippy_server_ws_close",
    "source": 1512759607150,
    "from": 1512759768200
  },
  {
    "timestamp": 1512760356843,
    "event": "shippy_client_received_stateupdate",
    "source": 1512759607150,
    "pkgSize": 188,
    "numSuccessors": 0,
    "isBroadcast": true
  },
  {
    "timestamp": 1512760370524,
    "event": "shippy_client_call_setRevealState",
    "source": 1512759607150
  },
  {
    "timestamp": 1512760370536,
    "event": "shippy_server_received_setRevealState",
    "source": 1512759607150,
    "from": 1512759607150,
    "pkgSize": 106
  },
  {
    "timestamp": 1512760370546,
    "event": "shippy_client_received_stateupdate",
    "source": 1512759607150,
    "pkgSize": 136,
    "numSuccessors": 0,
    "isBroadcast": false
  },
  {
    "timestamp": 1512760371590,
    "event": "shippy_client_call_setRevealState",
    "source": 1512759607150
  },
  {
    "timestamp": 1512760371677,
    "event": "shippy_server_received_setRevealState",
    "source": 1512759607150,
    "from": 1512759607150,
    "pkgSize": 106
  },
  {
    "timestamp": 1512760371683,
    "event": "shippy_client_received_stateupdate",
    "source": 1512759607150,
    "pkgSize": 136,
    "numSuccessors": 0,
    "isBroadcast": false
  },
  {
    "timestamp": 1512760373337,
    "event": "shippy_client_call_setRevealState",
    "source": 1512759607150
  },
  {
    "timestamp": 1512760373350,
    "event": "shippy_server_received_setRevealState",
    "source": 1512759607150,
    "from": 1512759607150,
    "pkgSize": 106
  },
  {
    "timestamp": 1512760373358,
    "event": "shippy_client_received_stateupdate",
    "source": 1512759607150,
    "pkgSize": 136,
    "numSuccessors": 0,
    "isBroadcast": false
  },
  {
    "timestamp": 1512760375383,
    "event": "shippy_client_call_setRevealState",
    "source": 1512759607150
  },
  {
    "timestamp": 1512760375398,
    "event": "shippy_server_received_setRevealState",
    "source": 1512759607150,
    "from": 1512759607150,
    "pkgSize": 106
  },
  {
    "timestamp": 1512760375407,
    "event": "shippy_client_received_stateupdate",
    "source": 1512759607150,
    "pkgSize": 136,
    "numSuccessors": 0,
    "isBroadcast": false
  },
  {
    "timestamp": 1512760404991,
    "event": "shippy_client_call_setRevealState",
    "source": 1512759607150
  },
  {
    "timestamp": 1512760404998,
    "event": "shippy_server_received_setRevealState",
    "source": 1512759607150,
    "from": 1512759607150,
    "pkgSize": 106
  },
  {
    "timestamp": 1512760405009,
    "event": "shippy_client_received_stateupdate",
    "source": 1512759607150,
    "pkgSize": 136,
    "numSuccessors": 0,
    "isBroadcast": false
  },
  {
    "timestamp": 1512760410470,
    "event": "shippy_client_call_setRevealState",
    "source": 1512759607150
  },
  {
    "timestamp": 1512760410481,
    "event": "shippy_server_received_setRevealState",
    "source": 1512759607150,
    "from": 1512759607150,
    "pkgSize": 106
  },
  {
    "timestamp": 1512760410487,
    "event": "shippy_client_received_stateupdate",
    "source": 1512759607150,
    "pkgSize": 136,
    "numSuccessors": 0,
    "isBroadcast": false
  },
  {
    "timestamp": 1512765998279,
    "event": "disconnecting",
    "source": 1512759607150,
    "isServer": true
  }
]