[{"timestamp":1512767311601,"event":"shippy_become_client_begin","source":1512767310998},{"timestamp":1512767311602,"event":"shippy_become_client_end","source":null},{"timestamp":1512767311620,"event":"shippy_client_received_welcome","source":1512767311605,"from":1512767310998,"pkgSize":26},{"timestamp":1512767311874,"event":"shippy_client_received_stateupdate","source":1512767311605,"pkgSize":283626,"numSuccessors":4,"isBroadcast":true,"version":15,"tempID":1512767310998},{"timestamp":1512767321629,"event":"shippy_become_client_begin","source":1512767310998},{"timestamp":1512767321630,"event":"shippy_become_client_end","source":1512767311605},{"timestamp":1512767326655,"event":"shippy_become_client_begin","source":1512767310998},{"timestamp":1512767326656,"event":"shippy_become_client_end","source":1512767311605},{"timestamp":1512767333670,"event":"shippy_become_client_begin","source":1512767310998},{"timestamp":1512767333672,"event":"shippy_become_client_end","source":1512767311605},{"timestamp":1512767334050,"event":"shippy_client_received_welcome","source":1512767333793,"from":1512767310998,"pkgSize":26},{"timestamp":1512767334148,"event":"shippy_client_received_stateupdate","source":1512767333793,"pkgSize":283598,"numSuccessors":2,"isBroadcast":true,"version":15,"tempID":1512767310998},{"timestamp":1512767334204,"event":"shippy_client_received_stateupdate","source":1512767333793,"pkgSize":283612,"numSuccessors":3,"isBroadcast":true,"version":15,"tempID":1512767310998},{"timestamp":1512767334208,"event":"shippy_client_received_stateupdate","source":1512767333793,"pkgSize":4218,"numSuccessors":3,"isBroadcast":false,"version":16,"tempID":1512767310998},{"timestamp":1512767335711,"event":"shippy_client_received_stateupdate","source":1512767333793,"pkgSize":126,"numSuccessors":3,"isBroadcast":false,"version":17,"tempID":1512767310998},{"timestamp":1512767339148,"event":"shippy_client_received_stateupdate","source":1512767333793,"pkgSize":166,"numSuccessors":3,"isBroadcast":false,"version":18,"tempID":1512767310998},{"timestamp":1512767340362,"event":"shippy_client_received_stateupdate","source":1512767333793,"pkgSize":65654,"numSuccessors":3,"isBroadcast":false,"version":19,"tempID":1512767310998},{"timestamp":1512767366746,"event":"shippy_become_client_begin","source":1512767310998},{"timestamp":1512767366746,"event":"shippy_become_client_end","source":1512767333793},{"timestamp":1512767371757,"event":"shippy_become_client_begin","source":1512767310998},{"timestamp":1512767371757,"event":"shippy_become_client_end","source":1512767333793},{"timestamp":1512767378780,"event":"shippy_become_client_begin","source":1512767310998},{"timestamp":1512767378781,"event":"shippy_become_client_end","source":1512767333793},{"timestamp":1512767379290,"event":"shippy_client_received_welcome","source":1512767378874,"from":1512767310998,"pkgSize":26},{"timestamp":1512767379382,"event":"shippy_client_received_stateupdate","source":1512767378874,"pkgSize":353368,"numSuccessors":1,"isBroadcast":true,"version":19,"tempID":1512767310998},{"timestamp":1512767379435,"event":"shippy_client_received_stateupdate","source":1512767378874,"pkgSize":353382,"numSuccessors":2,"isBroadcast":true,"version":19,"tempID":1512767310998},{"timestamp":1512767383347,"event":"shippy_client_call_add","source":1512767378874,"version":19},{"timestamp":1512767383393,"event":"shippy_client_received_stateupdate","source":1512767378874,"pkgSize":1150,"numSuccessors":2,"isBroadcast":false,"version":20,"tempID":1512767310998},{"timestamp":1512767392078,"event":"shippy_client_received_stateupdate","source":1512767378874,"pkgSize":354494,"numSuccessors":3,"isBroadcast":true,"version":20,"tempID":1512767310998},{"timestamp":1512767422081,"event":"shippy_client_received_stateupdate","source":1512767378874,"pkgSize":354480,"numSuccessors":2,"isBroadcast":true,"version":20,"tempID":1512767310998},{"timestamp":1512767427411,"event":"shippy_client_received_stateupdate","source":1512767378874,"pkgSize":354494,"numSuccessors":3,"isBroadcast":true,"version":20,"tempID":1512767310998},{"timestamp":1512767438117,"event":"shippy_client_received_stateupdate","source":1512767378874,"pkgSize":354480,"numSuccessors":2,"isBroadcast":true,"version":20,"tempID":1512767310998},{"timestamp":1512767456113,"event":"disconnecting","source":1512767378874,"isServer":false}]