[{"timestamp":1512767583339,"event":"shippy_become_client_begin","source":1512767578719},{"timestamp":1512767583341,"event":"shippy_become_client_end","source":null},{"timestamp":1512767588349,"event":"shippy_become_client_begin","source":1512767578719},{"timestamp":1512767588350,"event":"shippy_become_client_end","source":null},{"timestamp":1512767596746,"event":"shippy_become_client_begin","source":1512767578719},{"timestamp":1512767596747,"event":"shippy_become_client_end","source":null},{"timestamp":1512767597076,"event":"shippy_client_received_welcome","source":1512767595038,"from":1512767578719,"pkgSize":26},{"timestamp":1512767597079,"event":"shippy_client_received_stateupdate","source":1512767595038,"pkgSize":77,"numSuccessors":2,"isBroadcast":true,"version":3,"tempID":1512767578719},{"timestamp":1512767597094,"event":"shippy_client_received_stateupdate","source":1512767595038,"pkgSize":91,"numSuccessors":3,"isBroadcast":true,"version":3,"tempID":1512767578719},{"timestamp":1512767597189,"event":"shippy_client_received_stateupdate","source":1512767595038,"pkgSize":105,"numSuccessors":4,"isBroadcast":true,"version":3,"tempID":1512767578719},{"timestamp":1512767597699,"event":"shippy_client_received_stateupdate","source":1512767595038,"pkgSize":91,"numSuccessors":3,"isBroadcast":true,"version":3,"tempID":1512767578719},{"timestamp":1512767597702,"event":"shippy_client_received_stateupdate","source":1512767595038,"pkgSize":91,"numSuccessors":3,"isBroadcast":true,"version":3,"tempID":1512767578719},{"timestamp":1512767597729,"event":"shippy_client_received_stateupdate","source":1512767595038,"pkgSize":105,"numSuccessors":4,"isBroadcast":true,"version":3,"tempID":1512767578719},{"timestamp":1512767598973,"event":"shippy_client_received_stateupdate","source":1512767595038,"pkgSize":367,"numSuccessors":4,"isBroadcast":false,"version":4,"tempID":1512767578719},{"timestamp":1512767601309,"event":"shippy_client_received_stateupdate","source":1512767595038,"pkgSize":139,"numSuccessors":4,"isBroadcast":false,"version":5,"tempID":1512767578719},{"timestamp":1512767601346,"event":"shippy_client_received_stateupdate","source":1512767595038,"pkgSize":114,"numSuccessors":4,"isBroadcast":false,"version":6,"tempID":1512767578719},{"timestamp":1512767605881,"event":"shippy_client_received_stateupdate","source":1512767595038,"pkgSize":122,"numSuccessors":4,"isBroadcast":false,"version":7,"tempID":1512767578719},{"timestamp":1512767619919,"event":"shippy_client_received_stateupdate","source":1512767595038,"pkgSize":644,"numSuccessors":5,"isBroadcast":true,"version":7,"tempID":1512767578719},{"timestamp":1512767621252,"event":"shippy_client_received_stateupdate","source":1512767595038,"pkgSize":630,"numSuccessors":4,"isBroadcast":true,"version":7,"tempID":1512767578719},{"timestamp":1512767623427,"event":"shippy_become_client_begin","source":1512767578719},{"timestamp":1512767623428,"event":"shippy_become_client_end","source":1512767595038},{"timestamp":1512767628440,"event":"shippy_become_client_begin","source":1512767578719},{"timestamp":1512767628441,"event":"shippy_become_client_end","source":1512767595038},{"timestamp":1512767636485,"event":"shippy_become_client_begin","source":1512767578719},{"timestamp":1512767636487,"event":"shippy_become_client_end","source":1512767595038},{"timestamp":1512767636572,"event":"shippy_client_received_welcome","source":1512767634487,"from":1512767578719,"pkgSize":26},{"timestamp":1512767636575,"event":"shippy_client_received_stateupdate","source":1512767634487,"pkgSize":602,"numSuccessors":2,"isBroadcast":true,"version":7,"tempID":1512767578719},{"timestamp":1512767636578,"event":"shippy_client_received_stateupdate","source":1512767634487,"pkgSize":616,"numSuccessors":3,"isBroadcast":true,"version":7,"tempID":1512767578719},{"timestamp":1512767636590,"event":"shippy_client_received_stateupdate","source":1512767634487,"pkgSize":630,"numSuccessors":4,"isBroadcast":true,"version":7,"tempID":1512767578719},{"timestamp":1512767638461,"event":"shippy_become_client_begin","source":1512767578719},{"timestamp":1512767638461,"event":"shippy_become_client_end","source":1512767634487},{"timestamp":1512767643473,"event":"shippy_become_client_begin","source":1512767578719},{"timestamp":1512767643474,"event":"shippy_become_client_end","source":1512767634487},{"timestamp":1512767651285,"event":"shippy_become_client_begin","source":1512767578719},{"timestamp":1512767651286,"event":"shippy_become_client_end","source":1512767634487},{"timestamp":1512767651330,"event":"shippy_client_received_welcome","source":1512767649286,"from":1512767578719,"pkgSize":26},{"timestamp":1512767651333,"event":"shippy_client_received_stateupdate","source":1512767649286,"pkgSize":602,"numSuccessors":2,"isBroadcast":true,"version":7,"tempID":1512767578719},{"timestamp":1512767651343,"event":"shippy_client_received_stateupdate","source":1512767649286,"pkgSize":616,"numSuccessors":3,"isBroadcast":true,"version":7,"tempID":1512767578719},{"timestamp":1512767674547,"event":"shippy_client_received_stateupdate","source":1512767649286,"pkgSize":630,"numSuccessors":4,"isBroadcast":true,"version":7,"tempID":1512767578719},{"timestamp":1512767688566,"event":"shippy_become_client_begin","source":1512767578719},{"timestamp":1512767688568,"event":"shippy_become_client_end","source":1512767649286},{"timestamp":1512767693580,"event":"shippy_become_client_begin","source":1512767578719},{"timestamp":1512767693582,"event":"shippy_become_client_end","source":1512767649286},{"timestamp":1512767701930,"event":"shippy_become_client_begin","source":1512767578719},{"timestamp":1512767701931,"event":"shippy_become_client_end","source":1512767649286},{"timestamp":1512767701987,"event":"shippy_client_received_welcome","source":1512767699939,"from":1512767578719,"pkgSize":26},{"timestamp":1512767701989,"event":"shippy_client_received_stateupdate","source":1512767699939,"pkgSize":588,"numSuccessors":1,"isBroadcast":true,"version":7,"tempID":1512767578719},{"timestamp":1512767701993,"event":"shippy_client_received_stateupdate","source":1512767699939,"pkgSize":602,"numSuccessors":2,"isBroadcast":true,"version":7,"tempID":1512767578719},{"timestamp":1512767702004,"event":"shippy_client_received_stateupdate","source":1512767699939,"pkgSize":616,"numSuccessors":3,"isBroadcast":true,"version":7,"tempID":1512767578719},{"timestamp":1512767710221,"event":"shippy_client_received_stateupdate","source":1512767699939,"pkgSize":630,"numSuccessors":4,"isBroadcast":true,"version":7,"tempID":1512767578719},{"timestamp":1512767717593,"event":"shippy_client_received_stateupdate","source":1512767699939,"pkgSize":616,"numSuccessors":3,"isBroadcast":true,"version":7,"tempID":1512767578719},{"timestamp":1512767724774,"event":"shippy_client_received_stateupdate","source":1512767699939,"pkgSize":602,"numSuccessors":2,"isBroadcast":true,"version":7,"tempID":1512767578719},{"timestamp":1512767738711,"event":"shippy_become_client_begin","source":1512767578719},{"timestamp":1512767738712,"event":"shippy_become_client_end","source":1512767699939},{"timestamp":1512767743734,"event":"shippy_become_client_begin","source":1512767578719},{"timestamp":1512767743735,"event":"shippy_become_client_end","source":1512767699939},{"timestamp":1512767748748,"event":"shippy_become_server_begin","source":1512767699939},{"timestamp":1512767749360,"event":"shippy_become_server_end","source":1512767699939},{"timestamp":1512767750621,"event":"shippy_become_client_begin","source":1512767578719},{"timestamp":1512767750622,"event":"shippy_become_client_end","source":1512767699939},{"timestamp":1512767750627,"event":"shippy_server_ws_open","source":1512767699939,"from":1512767750627},{"timestamp":1512767750637,"event":"shippy_client_received_welcome","source":1512767750627,"from":1512767578719,"pkgSize":26},{"timestamp":1512767750641,"event":"shippy_server_received__revealdoublerole","source":1512767750627,"from":1512767750627,"pkgSize":63},{"timestamp":1512767750663,"event":"shippy_server_ws_open","source":1512767750627,"from":1512767750663},{"timestamp":1512767762854,"event":"shippy_server_received_add","source":1512767750627,"from":1512767750663,"pkgSize":65604},{"timestamp":1512767766288,"event":"shippy_client_call_add","source":1512767750627,"version":8},{"timestamp":1512767766292,"event":"shippy_server_received_add","source":1512767750627,"from":1512767750627,"pkgSize":133},{"timestamp":1512767766979,"event":"shippy_server_received_add","source":1512767750627,"from":1512767750663,"pkgSize":84},{"timestamp":1512767767150,"event":"shippy_client_call_remove","source":1512767750627,"version":10},{"timestamp":1512767767159,"event":"shippy_server_received_remove","source":1512767750627,"from":1512767750627,"pkgSize":65608},{"timestamp":1512767768338,"event":"shippy_client_call_add","source":1512767750627,"version":11},{"timestamp":1512767768349,"event":"shippy_server_received_add","source":1512767750627,"from":1512767750627,"pkgSize":65605},{"timestamp":1512767769680,"event":"shippy_client_call_remove","source":1512767750627,"version":12},{"timestamp":1512767769730,"event":"shippy_server_received_remove","source":1512767750627,"from":1512767750627,"pkgSize":76},{"timestamp":1512767770947,"event":"shippy_client_call_add","source":1512767750627,"version":13},{"timestamp":1512767770949,"event":"shippy_server_received_add","source":1512767750627,"from":1512767750627,"pkgSize":325},{"timestamp":1512767772029,"event":"shippy_client_call_remove","source":1512767750627,"version":14},{"timestamp":1512767772038,"event":"shippy_server_received_remove","source":1512767750627,"from":1512767750627,"pkgSize":1096},{"timestamp":1512767773265,"event":"shippy_client_call_add","source":1512767750627,"version":15},{"timestamp":1512767773269,"event":"shippy_server_received_add","source":1512767750627,"from":1512767750627,"pkgSize":133},{"timestamp":1512767773283,"event":"shippy_server_received_remove","source":1512767750627,"from":1512767750663,"pkgSize":327},{"timestamp":1512767783827,"event":"shippy_server_ws_open","source":1512767750627,"from":1512767783827},{"timestamp":1512767790400,"event":"shippy_server_ws_open","source":1512767750627,"from":1512767790400},{"timestamp":1512767791655,"event":"shippy_server_ws_close","source":1512767750627,"from":1512767750663},{"timestamp":1512767799234,"event":"disconnecting","source":1512767750627,"isServer":true}]