[{"timestamp":1512767021901,"event":"shippy_become_client_begin","source":1512767021123},{"timestamp":1512767021902,"event":"shippy_become_client_end","source":null},{"timestamp":1512767021961,"event":"shippy_client_received_welcome","source":1512767019935,"from":1512767021123,"pkgSize":26},{"timestamp":1512767022149,"event":"shippy_client_received_stateupdate","source":1512767019935,"pkgSize":266640,"numSuccessors":3,"isBroadcast":true,"version":7,"tempID":1512767021123},{"timestamp":1512767033091,"event":"shippy_client_received_stateupdate","source":1512767019935,"pkgSize":266654,"numSuccessors":4,"isBroadcast":true,"version":7,"tempID":1512767021123},{"timestamp":1512767042360,"event":"shippy_client_received_stateupdate","source":1512767019935,"pkgSize":266668,"numSuccessors":5,"isBroadcast":true,"version":7,"tempID":1512767021123},{"timestamp":1512767044498,"event":"shippy_client_received_stateupdate","source":1512767019935,"pkgSize":184,"numSuccessors":5,"isBroadcast":false,"version":8,"tempID":1512767021123},{"timestamp":1512767067008,"event":"shippy_become_client_begin","source":1512767021123},{"timestamp":1512767067009,"event":"shippy_become_client_end","source":1512767019935},{"timestamp":1512767072008,"event":"shippy_become_client_begin","source":1512767021123},{"timestamp":1512767072009,"event":"shippy_become_client_end","source":1512767019935},{"timestamp":1512767079825,"event":"shippy_become_client_begin","source":1512767021123},{"timestamp":1512767079825,"event":"shippy_become_client_end","source":1512767019935},{"timestamp":1512767080108,"event":"shippy_client_received_welcome","source":1512767077893,"from":1512767021123,"pkgSize":26},{"timestamp":1512767080210,"event":"shippy_client_received_stateupdate","source":1512767077893,"pkgSize":266776,"numSuccessors":2,"isBroadcast":true,"version":8,"tempID":1512767021123},{"timestamp":1512767080471,"event":"shippy_client_received_stateupdate","source":1512767077893,"pkgSize":266790,"numSuccessors":3,"isBroadcast":true,"version":8,"tempID":1512767021123},{"timestamp":1512767080523,"event":"shippy_client_received_stateupdate","source":1512767077893,"pkgSize":266804,"numSuccessors":4,"isBroadcast":true,"version":8,"tempID":1512767021123},{"timestamp":1512767087035,"event":"shippy_become_client_begin","source":1512767021123},{"timestamp":1512767087036,"event":"shippy_become_client_end","source":1512767077893},{"timestamp":1512767092050,"event":"shippy_become_client_begin","source":1512767021123},{"timestamp":1512767092051,"event":"shippy_become_client_end","source":1512767077893},{"timestamp":1512767100009,"event":"shippy_become_client_begin","source":1512767021123},{"timestamp":1512767100010,"event":"shippy_become_client_end","source":1512767077893},{"timestamp":1512767100147,"event":"shippy_client_received_welcome","source":1512767098096,"from":1512767021123,"pkgSize":26},{"timestamp":1512767100297,"event":"shippy_client_received_stateupdate","source":1512767098096,"pkgSize":266776,"numSuccessors":2,"isBroadcast":true,"version":8,"tempID":1512767021123},{"timestamp":1512767100341,"event":"shippy_client_received_stateupdate","source":1512767098096,"pkgSize":266790,"numSuccessors":3,"isBroadcast":true,"version":8,"tempID":1512767021123},{"timestamp":1512767110200,"event":"shippy_client_received_stateupdate","source":1512767098096,"pkgSize":126,"numSuccessors":3,"isBroadcast":false,"version":9,"tempID":1512767021123},{"timestamp":1512767113273,"event":"shippy_client_call_remove","source":1512767098096,"version":9},{"timestamp":1512767113286,"event":"shippy_client_received_stateupdate","source":1512767098096,"pkgSize":363,"numSuccessors":3,"isBroadcast":false,"version":10,"tempID":1512767021123},{"timestamp":1512767117281,"event":"shippy_client_call_add","source":1512767098096,"version":10},{"timestamp":1512767117298,"event":"shippy_client_received_stateupdate","source":1512767098096,"pkgSize":379,"numSuccessors":3,"isBroadcast":false,"version":11,"tempID":1512767021123},{"timestamp":1512767148462,"event":"shippy_client_received_stateupdate","source":1512767098096,"pkgSize":267150,"numSuccessors":4,"isBroadcast":true,"version":11,"tempID":1512767021123},{"timestamp":1512767152188,"event":"shippy_become_client_begin","source":1512767021123},{"timestamp":1512767152189,"event":"shippy_become_client_end","source":1512767098096},{"timestamp":1512767157194,"event":"shippy_become_client_begin","source":1512767021123},{"timestamp":1512767157195,"event":"shippy_become_client_end","source":1512767098096},{"timestamp":1512767165230,"event":"shippy_become_client_begin","source":1512767021123},{"timestamp":1512767165231,"event":"shippy_become_client_end","source":1512767098096},{"timestamp":1512767165461,"event":"shippy_client_received_welcome","source":1512767163436,"from":1512767021123,"pkgSize":26},{"timestamp":1512767165695,"event":"shippy_client_received_stateupdate","source":1512767163436,"pkgSize":267108,"numSuccessors":1,"isBroadcast":true,"version":11,"tempID":1512767021123},{"timestamp":1512767165749,"event":"shippy_client_received_stateupdate","source":1512767163436,"pkgSize":267122,"numSuccessors":2,"isBroadcast":true,"version":11,"tempID":1512767021123},{"timestamp":1512767165791,"event":"shippy_client_received_stateupdate","source":1512767163436,"pkgSize":267136,"numSuccessors":3,"isBroadcast":true,"version":11,"tempID":1512767021123},{"timestamp":1512767177232,"event":"shippy_become_client_begin","source":1512767021123},{"timestamp":1512767177233,"event":"shippy_become_client_end","source":1512767163436},{"timestamp":1512767182250,"event":"shippy_become_client_begin","source":1512767021123},{"timestamp":1512767182251,"event":"shippy_become_client_end","source":1512767163436},{"timestamp":1512767187262,"event":"shippy_become_server_begin","source":1512767163436},{"timestamp":1512767187979,"event":"shippy_become_server_end","source":1512767163436},{"timestamp":1512767189238,"event":"shippy_become_client_begin","source":1512767021123},{"timestamp":1512767189239,"event":"shippy_become_client_end","source":1512767163436},{"timestamp":1512767189243,"event":"shippy_server_ws_open","source":1512767163436,"from":1512767189243},{"timestamp":1512767189267,"event":"shippy_client_received_welcome","source":1512767189243,"from":1512767021123,"pkgSize":26},{"timestamp":1512767189280,"event":"shippy_server_received__revealdoublerole","source":1512767189243,"from":1512767189243,"pkgSize":63},{"timestamp":1512767189285,"event":"shippy_server_ws_open","source":1512767189243,"from":1512767189285},{"timestamp":1512767189436,"event":"shippy_server_ws_open","source":1512767189243,"from":1512767189436},{"timestamp":1512767243485,"event":"shippy_server_ws_open","source":1512767189243,"from":1512767243485},{"timestamp":1512767247902,"event":"disconnecting","source":1512767189243,"isServer":true}]